table,key,value,band,n,median,p90,p99,gt1,gt1_lo,gt1_hi,gt2,gt2_lo,gt2_hi,gt3,gt3_lo,gt3_hi
"Piston, crosswind",xw_kt,S_fp,0-5,4054893,0.993,3.148,8.861,0.4948066447129431,0.49116991910343377,0.49814255703693155,0.172680758777112,0.1699992904158035,0.17537695369333775,0.1060101955834593,0.10400073301244452,0.10821642525391578
"Piston, crosswind",xw_kt,S_fp,5-10,1034429,0.995,2.968,8.831,0.49535347520226136,0.4914392580842135,0.49887993764457866,0.16145332352437916,0.1585824409555878,0.1644003817314552,0.0984156476664904,0.09625812755297337,0.10084330576584237
"Piston, crosswind",xw_kt,S_fp,10-15,96521,1.039,3.21,9.936200000000012,0.5227463453548968,0.517383625975268,0.5282921253247833,0.17301934294091442,0.16833836771405009,0.1777976015107145,0.10785217724640234,0.10388916520783475,0.11221017349264899
"Piston, crosswind",xw_kt,S_fp,15-20,4399,1.067,3.6868000000000025,11.628219999999995,0.5569447601727665,0.5397288237652569,0.5742320488158035,0.20050011366219594,0.18570185534218348,0.21570424016079487,0.12502841554898841,0.11438514002887219,0.13819563728602333
"Piston, crosswind",xw_kt,S_fp,20+,262,1.0830000000000002,3.5647,10.30467999999994,0.5648854961832062,0.4989942528735632,0.628196525415939,0.20229007633587787,0.15019762845849802,0.2600158524283038,0.1183206106870229,0.07736224596689713,0.16500720624433216
"Piston, crosswind",xw_kt,S_spd,0-5,4005152,0.966,2.01,3.482,0.47725879067760724,0.4723253459584198,0.48183689660152906,0.10163334625002995,0.09975926970441276,0.10348792562940588,0.02051357851087799,0.019989715287762683,0.021040754278691808
"Piston, crosswind",xw_kt,S_spd,5-10,1022687,1.001,2.074,3.541,0.5005509994749127,0.49592928152538546,0.5056121416313208,0.1124293161055142,0.11022827473503204,0.11474226432911788,0.022920991466597308,0.022242911548869464,0.02360089044329157
"Piston, crosswind",xw_kt,S_spd,10-15,95439,1.082,2.262,3.816,0.549031318433764,0.5426178524410165,0.5548735753608979,0.14714110583723636,0.14310643612052454,0.15148031684434762,0.03384360691122078,0.032186948399718175,0.03543589561782475
"Piston, crosswind",xw_kt,S_spd,15-20,4344,1.2055,2.6554000000000006,4.272349999999984,0.6088858195211786,0.5914537228553703,0.6277128056322578,0.22283609576427257,0.2090284945866593,0.23756033071432556,0.05847145488029466,0.050434236191103855,0.06717764341965209
"Piston, crosswind",xw_kt,S_spd,20+,258,2.0005,8.4149,14.859410000000004,0.7635658914728682,0.7012704100878374,0.8242303822937626,0.5,0.40037698412698414,0.5972699972699972,0.2751937984496124,0.17391304347826086,0.37600961538461536
"Piston, crosswind",xw_kt,S_comb,0-5,4054893,1.347,3.411,8.966,0.7188399299315666,0.7156637184164526,0.7216703883972214,0.2543647884173516,0.251427154849803,0.2575493256393969,0.12433546335254715,0.12200557900461854,0.12642443124176878
"Piston, crosswind",xw_kt,S_comb,5-10,1034429,1.359,3.307,8.932,0.730327552688488,0.7270063549411164,0.7336016244426161,0.2527162328202322,0.2492779379644614,0.25593267719906315,0.11890231229016202,0.11667791697642668,0.12111647197511996
"Piston, crosswind",xw_kt,S_comb,10-15,96521,1.452,3.6,10.078400000000023,0.7675531749567451,0.7630789956853444,0.7720385704409999,0.2916774587913511,0.285879311757053,0.2969738062423299,0.13769024357393728,0.1330883665159138,0.14193423707101546
"Piston, crosswind",xw_kt,S_comb,15-20,4399,1.608,3.9872000000000005,11.984339999999921,0.8047283473516709,0.7906594256866125,0.8202676987469453,0.36849283928165494,0.3530581876416281,0.3855042606286334,0.17367583541714027,0.16081026006542756,0.18692924644735034
"Piston, crosswind",xw_kt,S_comb,20+,262,2.3985,8.6124,15.19907,0.8931297709923665,0.8493296703296703,0.9324893038506138,0.5992366412213741,0.5136865026951772,0.6834168755221387,0.36259541984732824,0.2681141774891775,0.457916438182815
"Jets (floor), crosswind",xw_kt,S_fp,0-5,4699323,0.771,0.96,1.736,0.0652615280967067,0.06423994032087753,0.06638428236059123,0.007247001323382113,0.0071320452340489365,0.00735423522772351,0.0004211244896339324,0.00040100126818298505,0.0004428272121425356
"Jets (floor), crosswind",xw_kt,S_fp,5-10,1664246,0.8,0.96,1.493,0.06556182199025865,0.06448037688947302,0.06668863963933698,0.005017287107795362,0.004873992427594244,0.005156235823281913,0.0005119435468073831,0.0004752862786840406,0.0005487456032119019
"Jets (floor), crosswind",xw_kt,S_fp,10-15,366209,0.832,0.96,1.493,0.08140979604542761,0.07947027676741922,0.08344120397236598,0.004371820463178131,0.004114552044521837,0.004647409724476518,0.0007482066251785183,0.0006597089520142717,0.000839435191600865
"Jets (floor), crosswind",xw_kt,S_fp,15-20,56217,0.832,1.024,1.5788399999999965,0.11868296067025988,0.1129018596566558,0.12403714181522642,0.005105217283028265,0.004477419309023808,0.005832632572376312,0.0012273867335503496,0.0009328071314514361,0.0015292626429431334
"Jets (floor), crosswind",xw_kt,S_fp,20+,7584,0.862,1.024,1.707,0.15123945147679324,0.13707520135259366,0.16561631099563756,0.005669831223628692,0.0037743773046078496,0.008149172382827571,0.0011867088607594937,0.00038806863621135203,0.0021555372863976585
"Piston, crosswind as a fraction of max demonstrated",frac,S_fp,0-0.25,2974068,0.982,3.041,8.548,0.48893031363102657,0.4850648191110713,0.49314671312922226,0.16792050484387042,0.16479119884932708,0.17077286697499097,0.1016779038004511,0.09938047773231737,0.10407922413416631
"Piston, crosswind as a fraction of max demonstrated",frac,S_fp,0.25-0.5,1151043,0.999,2.924,8.56,0.4973706455797047,0.4932824945679931,0.5014516583831377,0.1605595968178426,0.15752889186534974,0.1634106773760087,0.09666102830215727,0.09447564225964852,0.09879874574728587
"Piston, crosswind as a fraction of max demonstrated",frac,S_fp,0.5-0.75,255394,1.031,2.939,8.798070000000006,0.5189080401262364,0.5137313700588908,0.523581597092875,0.16123714730964706,0.15766077839544046,0.1649906447125295,0.09717534476142745,0.09445778128210458,0.10020818340981655
"Piston, crosswind as a fraction of max demonstrated",frac,S_fp,0.75-1,30148,1.068,3.295,10.21979999999993,0.5631551014992703,0.5547201144212377,0.5720445610151675,0.17928220777497678,0.17271934773400288,0.18557159791305836,0.11095263367387555,0.10527702694148226,0.11631982872200264
"Piston, crosswind as a fraction of max demonstrated",frac,S_fp,1+,2968,1.138,4.024200000000002,12.982289999999999,0.6034366576819407,0.5806928503662913,0.6249515083325449,0.21024258760107817,0.1879533875082122,0.23146763565891473,0.13376010781671158,0.11521391345348156,0.14981972933739499
"Piston, crosswind as a fraction of max demonstrated",frac,S_spd,0-0.25,2973849,1.063,2.098,3.577,0.5424048093901204,0.5383588274366683,0.5470251404665104,0.11705369035213288,0.11498257929742473,0.11918544683708679,0.023568782409597797,0.02298817244929234,0.024145329317985298
"Piston, crosswind as a fraction of max demonstrated",frac,S_spd,0.25-0.5,1150931,1.084,2.131,3.592,0.5569230475154462,0.5523835307559335,0.5611537954662517,0.12348524802963862,0.12084840478794752,0.12587678555462478,0.02478862764144853,0.024087767565261695,0.02548308230845439
"Piston, crosswind as a fraction of max demonstrated",frac,S_spd,0.5-0.75,255356,1.12,2.205,3.6614500000000114,0.5810907125738185,0.5760151549721869,0.5861357058483257,0.1384929275207945,0.13517626676020242,0.1418617814296733,0.028415232068171495,0.027379263124020146,0.02955495566312777
"Piston, crosswind as a fraction of max demonstrated",frac,S_spd,0.75-1,30145,1.232,2.421,3.957120000000003,0.6452147951567424,0.6358163643550419,0.6539789725605921,0.18381157737601592,0.1774765380703609,0.19100633051978305,0.04186432244153259,0.038771169291855506,0.04545932335674966
"Piston, crosswind as a fraction of max demonstrated",frac,S_spd,1+,2966,1.4445000000000001,2.8875,8.202899999999994,0.7424140256237357,0.7219980164269568,0.7627597733017729,0.28320971004720163,0.2607838142634181,0.3055234325921952,0.08496291301416048,0.06934195615739154,0.10126239232393609
"Piston, gust spread",gust_spread,S_fp,0-0.5,1291967,0.99,3.2,9.042,0.4929328690283885,0.48912978166599586,0.4965455392189371,0.1751422443452503,0.1723738448643615,0.17801685833037076,0.10828836959457942,0.10605622332625927,0.11053458238761159
"Piston, gust spread",gust_spread,S_fp,0.5-5,3324249,0.994,3.14,8.877,0.4953509800258645,0.4919666202746957,0.49897549651606066,0.17157559496896893,0.16881790362369886,0.17408319483833498,0.1056018968494839,0.10356511403327764,0.10792044353585213
"Piston, gust spread",gust_spread,S_fp,5-10,548355,1.003,2.78,8.42,0.5012373371264965,0.4980213841151714,0.5044062902469787,0.15427597085829436,0.15181603933700985,0.15677419826425526,0.09079519654238587,0.08865184409901737,0.09279084177718204
"Piston, gust spread",gust_spread,S_fp,10+,41421,1.019,2.619,8.19040000000001,0.511358972501871,0.5040749648577718,0.51858903554165,0.1481132758745564,0.14304636440860083,0.15344291349379865,0.08285652205403056,0.07836551558620261,0.08687487118913621
"Piston, headwind (negative = tailwind)",hw_kt,S_fp,<0,729171,1.046,3.644,9.583,0.5245875110227917,0.5205467954376679,0.5283928291208868,0.20062646484843746,0.19747671262690616,0.20364375674888457,0.12735832884193146,0.12477769758209166,0.13008826267922058
"Piston, headwind (negative = tailwind)",hw_kt,S_fp,0-5,2252120,0.996,3.233,8.986810000000055,0.4966755767898691,0.493031992213066,0.49982997686705427,0.17677610429284407,0.17408885973876348,0.17976559503715533,0.10969841749107508,0.1075350979174952,0.11194255950310646
"Piston, headwind (negative = tailwind)",hw_kt,S_fp,5-10,1637189,0.972,2.843,8.569119999999879,0.4834658674105433,0.48005694170647945,0.4869429218690666,0.15551167275128283,0.152785442441449,0.15865694776434475,0.09337834544453939,0.09103831490309411,0.09586611772172443
"Piston, headwind (negative = tailwind)",hw_kt,S_fp,10-15,499754,0.982,2.7157000000000115,8.286469999999973,0.48631926908038753,0.4823642663488218,0.4906298247586223,0.1502839396983316,0.14717713496990786,0.15341833537605484,0.0878392168947122,0.08567712910152568,0.09047137987279177
"Piston, headwind (negative = tailwind)",hw_kt,S_fp,15+,72266,1.002,2.5995,8.133,0.5008717792599563,0.4947598531429821,0.5067516544840119,0.1484792295131874,0.14320192762862927,0.1530116741190948,0.08245924777903856,0.07864068053779906,0.08604467444481084
"Piston pattern approaches with a base leg, turn to final",xw_kt,S_turn,0-5,2842177,0.8920606601248885,1.710376282782212,5.366726296958856,0.38290402040407756,0.3790311610127696,0.3871266786135735,0.06844506869206246,0.0669494159122118,0.07014343481510484,0.02777624335148726,0.02691164174646643,0.028647049315894086
"Piston pattern approaches with a base leg, turn to final",xw_kt,S_turn,5-10,684999,0.8862629246676514,1.7035775127768313,5.145797598627787,0.3773684341145024,0.3732898449686959,0.3820019949836863,0.06796652257886508,0.06635919757896187,0.06962831433510715,0.027329966905061176,0.026465961698010815,0.02842529606849077
"Piston pattern approaches with a base leg, turn to final",xw_kt,S_turn,10-15,60658,0.9137983551629607,1.8226002430133659,6.0,0.411652214052557,0.4046717470954357,0.4180516245859972,0.0806818556497082,0.07719418387513664,0.08401747832817495,0.033400375877872666,0.031350921717730774,0.03575261471350494
"Piston pattern approaches with a base leg, turn to final",xw_kt,S_turn,15-20,2463,0.9775171065493646,2.017758587984501,6.0,0.47949654892407634,0.4547379162083121,0.5028311959539503,0.10190824198132359,0.0886422520856193,0.1154755051925223,0.044660982541615914,0.035744451385815425,0.053767992255813246
"Piston pattern approaches with a base leg, turn to final",xw_kt,S_turn,20+,144,0.9616926036451525,2.0337700225683935,3.9674707350366045,0.4513888888888889,0.3624161073825503,0.542257462686567,0.1111111111111111,0.06078082191780822,0.16665867689357616,0.034722222222222224,0.006896551724137931,0.0684931506849315
"Piston fleet, crosswind",xw_kt,S_fp,0-5,2706489,0.992,3.095,8.553,0.493881925993418,0.4897316468457121,0.4983903740346274,0.17117490593902285,0.16796216406555844,0.17527418461668323,0.10391987552877548,0.10114845996283169,0.1065609403239624
"Piston fleet, crosswind",xw_kt,S_fp,5-10,695216,1.0,2.943,8.543849999999978,0.4977388322478194,0.49375917449259155,0.5018140175861866,0.16091689489309796,0.15775894799399928,0.16433526083927627,0.09738987595222204,0.09436417872011703,0.09989368600740599
"Piston fleet, crosswind",xw_kt,S_fp,10-15,63857,1.058,3.2244000000000015,9.590320000000007,0.5309206508291965,0.5239212640266947,0.5374639420314128,0.1745775717619055,0.16894075157045962,0.18121642250588987,0.1082261928997604,0.103391869164244,0.1129062284930058
"Piston fleet, crosswind",xw_kt,S_fp,15-20,2672,1.1,3.8388,10.85180999999999,0.5770958083832335,0.5541504362219889,0.598174660155484,0.2099550898203593,0.19053252667822518,0.2287712262303679,0.13136227544910178,0.11612998092412039,0.14692930179224656
"Piston private, crosswind",xw_kt,S_fp,0-5,1331550,0.999,3.266,9.592,0.4979850550110773,0.49225177703295303,0.5031351090288348,0.17632984116255493,0.1724823335360252,0.1810483222572516,0.11066426345236755,0.1077402298054987,0.11375425112829962
"Piston private, crosswind",xw_kt,S_fp,5-10,334162,0.988,3.026,9.537,0.49189913874108965,0.48581113203620496,0.49830160919913735,0.16312447256121282,0.15875985932534323,0.16761026377143415,0.10089118451529498,0.09739886298446855,0.10451554504255385
"Piston private, crosswind",xw_kt,S_fp,10-15,32183,1.016,3.2,10.483960000000007,0.5080011186029891,0.4994710677830377,0.5161446988658234,0.17024516048845664,0.1629937200734899,0.17872386748418875,0.10754124848522512,0.10066816014655533,0.1164853921610833
"Piston private, crosswind",xw_kt,S_fp,15-20,1693,1.056,3.393599999999999,13.239999999999986,0.5268753691671589,0.4988000492287496,0.553468768493911,0.18842291789722387,0.16488178224002498,0.21350743555849305,0.11636148848198465,0.09724672088405768,0.13656559443077476
"Piston single arrival, crosswind",xw_kt,S_fp,0-5,1643518,0.893,2.544,8.482,0.4262180274265326,0.4233880153999338,0.42901802935237976,0.1347755242108696,0.1329495404850004,0.1367146296583203,0.08127687071270287,0.0798488706598251,0.0826465280634322
"Piston single arrival, crosswind",xw_kt,S_fp,5-10,446421,0.896,2.409,8.399,0.43131259506161224,0.4280056094934292,0.43451399257216566,0.12726551842319245,0.1254460350265104,0.12920407171935422,0.07652417785005634,0.07512416729819653,0.07804754615329103
"Piston single arrival, crosswind",xw_kt,S_fp,10-15,49477,0.944,2.531,9.683,0.45651514845281643,0.4503330294264884,0.46266891461069826,0.13408250298118318,0.1285319496308074,0.1398929091820303,0.08270509529680457,0.07835025148559482,0.08851955004060748
"Piston single arrival, crosswind",xw_kt,S_fp,15-20,2718,0.9904999999999999,2.837500000000003,10.974579999999998,0.4915378955114054,0.46989575969306163,0.5116353714438588,0.1600441501103753,0.1429068432844621,0.17482054199378558,0.0952906548933039,0.08343767769962918,0.10802899214982985
"Piston pattern circuits, crosswind",xw_kt,S_fp,0-5,2411375,1.067,3.52,9.054,0.5415545072831891,0.5372694850494724,0.5461646595471631,0.19851578456274946,0.19500051174794328,0.20248640002480892,0.12286765849359806,0.11970677714319128,0.12586798199206986
"Piston pattern circuits, crosswind",xw_kt,S_fp,5-10,588008,1.067,3.352,9.066,0.5439738915116801,0.539151828123896,0.5485522473735192,0.18740901484333547,0.18364229293331033,0.1911847188227115,0.11503584985238297,0.11197658089697943,0.11850710629300315
"Piston pattern circuits, crosswind",xw_kt,S_fp,10-15,47044,1.134,3.908,10.21832999999998,0.5924028568999234,0.5846542178541937,0.6005296556782905,0.21396990051866338,0.20719528362276274,0.22128767716919856,0.1342998044383981,0.1287562881964271,0.14067061341402853
"Piston pattern circuits, crosswind",xw_kt,S_fp,15-20,1681,1.272,4.881,11.707400000000016,0.6627007733491969,0.6383736040485807,0.6887143559488692,0.26591314693634743,0.2403737558178573,0.29451659210282205,0.17311124330755503,0.15014393939393939,0.19756903831407005
"Piston towered, crosswind",xw_kt,S_fp,0-5,3579041,0.965,3.099,8.912,0.4809863871355483,0.47733646969121235,0.48509890457781707,0.16870608635106443,0.16585686661716725,0.17137335063667508,0.10394739819968533,0.10193179895282607,0.10622855871603921
"Piston towered, crosswind",xw_kt,S_fp,5-10,943785,0.97,2.914,8.862,0.4826448820441096,0.4788374631675515,0.4864112147808398,0.1581546644627749,0.1554870918642281,0.16110546495670588,0.09644145647578632,0.09424134527458745,0.0986466112354399
"Piston towered, crosswind",xw_kt,S_fp,10-15,89842,1.024,3.2,10.034,0.5136573094988981,0.5077025484045017,0.5196077053294332,0.17141203446049733,0.166184728812142,0.1762799317901052,0.10719930544734088,0.10305155483085028,0.11216435308027639
"Piston towered, crosswind",xw_kt,S_fp,15-20,4098,1.067,3.6843000000000004,11.628329999999997,0.5522205954123963,0.5336211877023096,0.5702500930290251,0.2000976085895559,0.18586809377111913,0.21497117276468353,0.12493899463152758,0.11288002396459537,0.13733558278259378
"Piston non-towered, crosswind",xw_kt,S_fp,0-5,475852,1.144,3.464,8.508,0.5987533939123929,0.5909663482061056,0.6065047259966364,0.20257559072989081,0.19505892800586494,0.20917223234022606,0.12152518009801366,0.11676414219588523,0.1264137960168397
"Piston non-towered, crosswind",xw_kt,S_fp,5-10,90644,1.174,3.409,8.586569999999993,0.6276753011782358,0.6196538625093034,0.63710147927584,0.19579894973743436,0.18823206796173947,0.20348403178618799,0.11897091920038834,0.11316693551614089,0.12466665360546873
"Piston non-towered, crosswind",xw_kt,S_fp,10-15,6679,1.197,3.404199999999998,8.67424000000001,0.6450067375355593,0.6303949581567077,0.6589322470384731,0.19463991615511303,0.18150708548138686,0.20695733939499678,0.11663422668064082,0.1069491677519382,0.12696230905370082
"Piston non-towered, crosswind",xw_kt,S_fp,15-20,301,1.185,3.705,10.768,0.6212624584717608,0.5636321404367881,0.6798580042793231,0.2059800664451827,0.15253630363036302,0.25308305968018274,0.12624584717607973,0.0866653311965812,0.16555390529442596
