airport,name,state,lat,lon,elev_ft,tower,runways,asos_id
0J4,FLORALA MUNI,AL,31.04247361,-86.31156111,314.3,NON-ATCT,04/22,0J4
79J,SOUTH ALABAMA RGNL AT BILL BENTON FLD,AL,31.30836111,-86.39222222,310.2,NON-ATCT,11/29,79J
BFM,MOBILE INTL,AL,30.62678055,-88.06809083,26.2,ATCT,14/32|18/36,BFM
BHM,BIRMINGHAM-SHUTTLESWORTH INTL,AL,33.56388888,-86.75230555,650.0,ATCT-TRACON,06/24|18/36,BHM
DCU,PRYOR FLD RGNL,AL,34.65405555,-86.94536111,592.0,NON-ATCT,18/36,DCU
DHN,DOTHAN RGNL,AL,31.32101805,-85.4494775,400.8,ATCT,14/32|18/36,DHN
EET,SHELBY COUNTY,AL,33.17777777,-86.78322222,585.6,NON-ATCT,16/34,EET
EUF,WEEDON FLD,AL,31.95130555,-85.12891666,285.2,NON-ATCT,18/36,EUF
GZH,EVERGREEN RGNL/MIDDLETON FLD,AL,31.415,-87.04336111,259.0,NON-ATCT,01/19|10/28,GZH
HSV,HUNTSVILLE INTL-CARL T JONES FLD,AL,34.63719694,-86.77505416,628.9,ATCT-TRACON,18L/36R|18R/36L,HSV
MGM,MONTGOMERY RGNL (DANNELLY FLD),AL,32.30063888,-86.39397222,221.1,ATCT-TRACON,03/21|10/28,MGM
MOB,MOBILE RGNL,AL,30.69141666,-88.24283333,218.7,ATCT-TRACON,15/33|18/36,MOB
MSL,NORTHWEST ALABAMA RGNL,AL,34.74530555,-87.61022222,550.5,NON-ATCT,12/30|18/36,MSL
PRN,MAC CRENSHAW MEML,AL,31.84569444,-86.61075,451.4,NON-ATCT,14/32,PRN
TCL,TUSCALOOSA NTL,AL,33.22062888,-87.61140388,169.9,ATCT,04/22|12/30,TCL
TOI,TROY MUNI AT N KENNETH CAMPBELL FLD,AL,31.86,-86.01388888,397.2,ATCT,07/25|14/32,TOI
AWM,WEST MEMPHIS MUNI,AR,35.13505555,-90.23444444,212.7,NON-ATCT,17/35,AWM
BPK,BAXTER COUNTY,AR,36.3689425,-92.47051972,928.0,NON-ATCT,05/23,BPK
DEQ,J LYNN HELMS SEVIER COUNTY,AR,34.047,-94.39936111,354.8,NON-ATCT,08/26,DEQ
ELD,SOUTH ARKANSAS RGNL AT GOODWIN FLD,AR,33.2212375,-92.81174916,277.1,NON-ATCT,04/22|13/31,ELD
FSM,FORT SMITH RGNL,AR,35.33664694,-94.36610888,469.0,ATCT-TRACON,02/20|08/26,FSM
FYV,DRAKE FLD,AR,36.00509555,-94.17006333,1252.0,ATCT,16/34,FYV
HKA,BLYTHEVILLE MUNI,AR,35.94041402,-89.83079869,255.7,NON-ATCT,18/36,HKA
HOT,MEML FLD,AR,34.47802777,-93.09622222,540.3,NON-ATCT,05/23|13/31,HOT
HRO,BOONE COUNTY,AR,36.26152055,-93.15472888,1364.5,NON-ATCT,18/36,HRO
JBR,JONESBORO MUNI,AR,35.83171111,-90.64642194,262.1,NON-ATCT,05/23|13/31,JBR
LIT,BILL AND HILLARY CLINTON NTL/ADAMS FLD,AR,34.72944138,-92.22477722,266.0,ATCT-TRACON,04L/22R|04R/22L|18/36,LIT
LLQ,MONTICELLO MUNI/ELLIS FLD,AR,33.63855555,-91.751,267.8,NON-ATCT,03/21,LLQ
PBF,PINEBLUFF RGNL/GRIDER FLD,AR,34.17451305,-91.93560422,205.7,NON-ATCT,18/36,PBF
RUE,RUSSELLVILLE RGNL,AR,35.25928305,-93.09262222,409.2,NON-ATCT,07/25,RUE
TXK,TEXARKANA RGNL-WEBB FLD,AR,33.45371638,-93.99103055,389.7,ATCT,04/22|13/31,TXK
XNA,NORTHWEST ARKANSAS NTL,AR,36.28157916,-94.30776555,1288.2,ATCT,16L/34R|16R/34L,XNA
DUG,BISBEE DOUGLAS INTL,AZ,31.46894444,-109.60375,4150.2,NON-ATCT,08/26|17/35,DUG
DVT,PHOENIX DEER VALLEY,AZ,33.68830555,-112.08255555,1478.1,ATCT,07L/25R|07R/25L,DVT
FFZ,FALCON FLD,AZ,33.46084055,-111.72832527,1394.0,ATCT,04L/22R|04R/22L,FFZ
FHU,SIERRA VISTA MUNI-LIBBY AAF,AZ,31.58846111,-110.344375,4718.8,ATCT-A/C,03/21|08/26|12/30,FHU
FLG,FLAGSTAFF PULLIAM,AZ,35.14031583,-111.66924138,7014.7,ATCT,03/21,FLG
GCN,GRAND CANYON NTL PARK,AZ,35.95236111,-112.14697222,6608.9,ATCT,03/21,GCN
IGM,KINGMAN,AZ,35.25947805,-113.93805027,3448.8,NON-ATCT,03/21|17/35,IGM
INW,WINSLOW-LINDBERGH RGNL,AZ,35.02190972,-110.72251577,4941.1,NON-ATCT,04/22|11/29,INW
NYL,YUMA MCAS/YUMA INTL,AZ,32.65592027,-114.60640027,213.3,ATCT,03L/21R|03R/21L|08/26,NYL
OLS,NOGALES INTL,AZ,31.41772222,-110.84788888,3955.3,NON-ATCT,04/22,OLS
PGA,PAGE MUNI,AZ,36.92606944,-111.44835055,4316.6,NON-ATCT,15/33,PGA
PHX,PHOENIX SKY HARBOR INTL,AZ,33.43427777,-112.01158333,1134.8,ATCT,07L/25R|07R/25L|08/26,PHX
PRC,PRESCOTT RGNL/ERNEST A LOVE FLD,AZ,34.65476305,-112.41918916,5045.2,ATCT,03L/21R|03R/21L|12/30,PRC
RQE,WINDOW ROCK,AZ,35.65205555,-109.06738888,6742.0,NON-ATCT,03/21,RQE
SAD,SAFFORD RGNL/1LT DUANE SPALSBURY FLD,AZ,32.85334111,-109.63508194,3178.4,NON-ATCT,08/26|12/30,SAD
SDL,SCOTTSDALE,AZ,33.62288083,-111.91053083,1510.1,ATCT,03/21,SDL
SJN,ST JOHNS INDUSTRIAL AIR PARK,AZ,34.51855555,-109.37875,5736.5,NON-ATCT,03/21|14/32,SJN
TUS,TUCSON INTL,AZ,32.11707027,-110.9414625,2643.0,ATCT,04/22|12/30,TUS
AAT,ALTURAS MUNI,CA,41.48286111,-120.56541666,4378.3,NON-ATCT,03/21|13/31,AAT
ACV,CALIFORNIA REDWOOD COAST-HUMBOLDT COUNTY,CA,40.97782638,-124.10846916,222.3,NON-ATCT,01/19|14/32,ACV
APC,NAPA COUNTY,CA,38.21318916,-122.28068722,35.5,ATCT,01L/19R|01R/19L|06/24,APC
AVX,CATALINA,CA,33.40499722,-118.41576944,1602.0,NON-ATCT,04/22,AVX
BFL,MEADOWS FLD,CA,35.43386111,-119.05766666,509.6,ATCT-TRACON,12L/30R|12R/30L,BFL
BIH,BISHOP,CA,37.37311111,-118.36361111,4124.3,NON-ATCT,08/26|12/30|17/35,BIH
BLH,BLYTHE,CA,33.61916666,-114.71688888,399.6,NON-ATCT,08/26|17/35,BLH
BLU,BLUE CANYON - NYACK,CA,39.27497222,-120.70975,5283.5,NON-ATCT,15/33,BLU
BUR,HOLLYWOOD BURBANK,CA,34.20069444,-118.35866666,778.0,ATCT,08/26|15/33,BUR
CCR,BUCHANAN FLD,CA,37.98965666,-122.05690222,25.6,ATCT,01L/19R|01R/19L|14L/32R|14R/32L,CCR
CEC,JACK MC NAMARA FLD,CA,41.78016666,-124.23652777,60.7,NON-ATCT,12/30|18/36,CEC
CMA,CAMARILLO,CA,34.21375833,-119.09435416,76.8,ATCT,08/26,CMA
CNO,CHINO,CA,33.9747793,-117.63648283,650.0,ATCT,03/21|08L/26R|08R/26L,CNO
CRQ,MC CLELLAN-PALOMAR,CA,33.12825,-117.28008333,330.5,ATCT,06/24,CRQ
DAG,BARSTOW-DAGGETT,CA,34.85372222,-116.78669444,1930.0,NON-ATCT,04/22|08/26,DAG
EED,NEEDLES,CA,34.76634683,-114.62327988,983.1,NON-ATCT,02/20|11/29,EED
FAT,FRESNO YOSEMITE INTL,CA,36.77655555,-119.71883333,335.5,ATCT-TRACON,11L/29R|11R/29L,FAT
FUL,FULLERTON MUNI,CA,33.87201416,-117.97978416,96.0,ATCT,06/24,FUL
HHR,JACK NORTHROP FLD/HAWTHORNE MUNI,CA,33.92286111,-118.33508333,65.9,ATCT,07/25,HHR
HJO,HANFORD MUNI,CA,36.31672222,-119.62766666,239.5,NON-ATCT,14/32,HJO
HWD,HAYWARD EXEC,CA,37.65893166,-122.12173888,52.1,ATCT,10L/28R|10R/28L,HWD
IPL,IMPERIAL COUNTY,CA,32.83422222,-115.57875,-53.6,NON-ATCT,08/26|14/32,IPL
LAX,LOS ANGELES INTL,CA,33.94249638,-118.40804861,127.8,ATCT,06L/24R|06R/24L|07L/25R|07R/25L,LAX
LGB,LONG BEACH (DAUGHERTY FLD),CA,33.81792972,-118.15189055,60.4,ATCT,08L/26R|08R/26L|12/30,LGB
LVK,LIVERMORE MUNI,CA,37.69338888,-121.82036111,399.9,ATCT,07L/25R|07R/25L,LVK
MAE,MADERA MUNI,CA,36.98860027,-120.11244972,255.2,NON-ATCT,12/30,MAE
MCE,MERCED YOSEMITE RGNL,CA,37.28475,-120.51391666,155.2,NON-ATCT,12/30,MCE
MOD,MODESTO CITY-COUNTY-HARRY SHAM FLD,CA,37.62582472,-120.95443,99.2,ATCT,10L/28R|10R/28L,MOD
MRY,MONTEREY RGNL,CA,36.58695222,-121.84278305,256.6,ATCT,10L/28R|10R/28L,MRY
MYF,MONTGOMERY-GIBBS EXEC,CA,32.81572222,-117.13955555,427.3,ATCT,05/23|10L/28R|10R/28L,MYF
MYV,YUBA COUNTY,CA,39.09777777,-121.56983333,64.3,NON-ATCT,05/23|14/32,MYV
OAK,OAKLAND SAN FRANCISCO BAY,CA,37.72126138,-122.22115055,9.0,ATCT,10L/28R|10R/28L|12/30|15/33,OAK
OKB,BOB MAXWELL MEML AIRFIELD,CA,33.21797638,-117.3515075,28.0,NON-ATCT,07/25,OKB
ONT,ONTARIO INTL,CA,34.05601416,-117.6011875,944.1,ATCT,08L/26R|08R/26L,ONT
OVE,OROVILLE MUNI,CA,39.48781944,-121.62198777,194.2,NON-ATCT,02/20|13/31,OVE
OXR,OXNARD,CA,34.20080694,-119.20722638,44.8,ATCT,07/25,OXR
PMD,PALMDALE USAF PLANT 42,CA,34.62938888,-118.08455277,2542.5,ATCT,04/22|07/25|072/252,PMD
PRB,PASO ROBLES MUNI,CA,35.67288416,-120.62707555,838.5,NON-ATCT,01/19|13/31,PRB
PSP,PALM SPRINGS INTL,CA,33.82966972,-116.50669416,476.6,ATCT,13L/31R|13R/31L,PSP
RAL,RIVERSIDE,CA,33.95188888,-117.44511111,818.9,ATCT,09/27|16/34,RAL
RBL,RED BLUFF MUNI,CA,40.15030555,-122.25219444,352.3,NON-ATCT,15/33,RBL
RDD,REDDING RGNL,CA,40.50898527,-122.29338527,505.0,ATCT,13/31|17/35,RDD
RNM,RAMONA,CA,33.03915861,-116.91525777,1394.9,ATCT,09/27,RNM
SAC,SACRAMENTO EXEC,CA,38.51286138,-121.49330111,23.4,ATCT,02/20|12/30,SAC
SAN,SAN DIEGO INTL,CA,32.73356277,-117.18966333,16.8,ATCT,09/27,SAN
SBA,SANTA BARBARA MUNI,CA,34.42619166,-119.84149277,13.5,ATCT-TRACON,07/25|15L/33R|15R/33L,SBA
SBP,SAN LUIS OBISPO COUNTY RGNL,CA,35.2372725,-120.64260277,212.3,ATCT,07/25|11/29,SBP
SCK,STOCKTON METRO,CA,37.89441194,-121.23874416,32.6,ATCT,11L/29R|11R/29L,SCK
SDM,BROWN FLD MUNI,CA,32.57227777,-116.98016666,526.1,ATCT,08L/26R|08R/26L,SDM
SFO,SAN FRANCISCO INTL,CA,37.61880555,-122.37541666,13.1,ATCT,01L/19R|01R/19L|10L/28R|10R/28L,SFO
SIY,SISKIYOU COUNTY,CA,41.78144444,-122.46811111,2651.1,NON-ATCT,17/35,SIY
SJC,MINETA SAN JOSE INTL,CA,37.36299472,-121.92862055,62.3,ATCT,12L/30R|12R/30L,SJC
SMF,SACRAMENTO INTL,CA,38.69544444,-121.59077777,26.9,ATCT,17L/35R|17R/35L,SMF
SMO,SANTA MONICA MUNI,CA,34.01582194,-118.45130611,169.8,ATCT,03/21,SMO
SMX,SANTA MARIA PUB/CAPT G ALLAN HANCOCK FLD,CA,34.89994444,-120.45808333,261.2,ATCT,02/20|12/30,SMX
SNA,JOHN WAYNE/ORANGE COUNTY,CA,33.67566194,-117.86823305,55.9,ATCT,02L/20R|02R/20L,SNA
SNS,SALINAS MUNI,CA,36.66241083,-121.60715361,84.4,ATCT,08/26|13/31,SNS
STS,CHARLES M SCHULZ/SONOMA COUNTY,CA,38.50969444,-122.81288888,128.7,ATCT,02/20|14/32,STS
TRM,JACQUELINE COCHRAN RGNL,CA,33.62667055,-116.15965444,-114.4,NON-ATCT,12/30|17/35,TRM
TVL,LAKE TAHOE,CA,38.89388888,-119.99533333,6268.4,NON-ATCT,18/36,TVL
UKI,UKIAH MUNI,CA,39.12594444,-123.20086111,616.8,NON-ATCT,15/33,UKI
VCB,NUT TREE,CA,38.37823472,-121.96120111,116.6,NON-ATCT,02/20,VCB
VNY,VAN NUYS,CA,34.20980555,-118.48997222,802.1,ATCT,16L/34R|16R/34L,VNY
WJF,GENERAL WM J FOX AIRFIELD,CA,34.74105555,-118.21863888,2350.7,ATCT,06/24,WJF
WVI,WATSONVILLE MUNI,CA,36.9357325,-121.7896375,163.3,NON-ATCT,02/20|09/27,WVI
AKO,COLORADO PLAINS RGNL,CO,40.17563888,-103.22202777,4716.0,NON-ATCT,11/29,AKO
ALS,SAN LUIS VALLEY RGNL/BERGMAN FLD,CO,37.435125,-105.86787527,7539.8,NON-ATCT,02/20,ALS
APA,CENTENNIAL,CO,39.57011861,-104.84929305,5884.9,ATCT,10/28|17L/35R|17R/35L,APA
ASE,ASPEN-PITKIN COUNTY/SARDY FLD,CO,39.22187833,-106.86823333,7837.9,ATCT-TRACON,15/33,ASE
CAG,CRAIG-MOFFAT,CO,40.49522222,-107.52166666,6197.5,NON-ATCT,07/25,CAG
CEZ,CORTEZ MUNI,CO,37.3030025,-108.62804416,5917.6,NON-ATCT,03/21,CEZ
COS,CITY OF COLORADO SPRINGS MUNI,CO,38.80581666,-104.70077638,6187.0,ATCT-TRACON,13/31|17L/35R|17R/35L,COS
DEN,DENVER INTL,CO,39.86166666,-104.67316666,5433.8,ATCT,07/25|08/26|16L/34R|16R/34L|17L/35R|17R/35L,DEN
DRO,DURANGO-LA PLATA COUNTY,CO,37.15152777,-107.75377777,6689.4,NON-ATCT,03/21,DRO
EEO,MEEKER COULTER FLD,CO,40.04880555,-107.88591666,6415.4,NON-ATCT,03/21,EEO
GJT,GRAND JUNCTION RGNL,CO,39.12149916,-108.52548555,4861.4,ATCT,04/22|11/29,GJT
ITR,KIT CARSON COUNTY,CO,39.24251111,-102.2853775,4218.4,NON-ATCT,15/33,ITR
LAA,SOUTHEAST COLORADO RGNL,CO,38.06970388,-102.68849416,3705.3,NON-ATCT,08/26|18/36,LAA
LHX,LA JUNTA MUNI,CO,38.05,-103.50975,4228.6,NON-ATCT,08/26|12/30,LHX
LIC,LIMON MUNI,CO,39.27477777,-103.66586111,5374.4,NON-ATCT,16/34,LIC
LXV,LAKE COUNTY,CO,39.21947222,-106.31641666,9933.5,NON-ATCT,16/34,LXV
MTJ,MONTROSE RGNL,CO,38.50980555,-107.89425,5758.5,NON-ATCT,13/31|17/35,MTJ
PUB,PUEBLO MEML,CO,38.2899475,-104.49802805,4729.3,ATCT,08L/26R|08R/26L|17/35,PUB
RIL,RIFLE GARFIELD COUNTY,CO,39.52660666,-107.72798694,5536.8,NON-ATCT,08/26,RIL
TAD,PERRY STOKES,CO,37.25922361,-104.34086138,5761.6,NON-ATCT,03/21,TAD
BDL,BRADLEY INTL,CT,41.93903222,-72.68431583,173.3,ATCT,06/24|15/33,BDL
BDR,BRIDGEPORT/SIKORSKY,CT,41.16348083,-73.12617583,8.5,ATCT,06/24|11/29,BDR
DXR,DANBURY MUNI,CT,41.37153444,-73.48218944,456.7,ATCT,08/26|17/35,DXR
GON,GROTON-NEW LONDON,CT,41.33005555,-72.04513888,9.1,ATCT,05/23|15/33,GON
HFD,HARTFORD-BRAINARD,CT,41.73671,-72.6494325,18.3,ATCT,02/20,HFD
HVN,TWEED/NEW HAVEN,CT,41.26372472,-72.88772916,12.6,ATCT,02/20,HVN
IJD,WINDHAM,CT,41.74402777,-72.18022222,246.1,NON-ATCT,09/27|18/36,IJD
MMK,MERIDEN MARKHAM MUNI,CT,41.50871472,-72.82947833,103.0,NON-ATCT,18/36,MMK
DCA,RONALD REAGAN WASHINGTON NTL,DC,38.85144027,-77.03772138,14.1,ATCT,01/19|04/22|15/33,DCA
IAD,WASHINGTON DULLES INTL,DC,38.94745638,-77.45992861,312.3,ATCT,01C/19C|01L/19R|01R/19L|12/30,IAD
GED,DELAWARE COASTAL,DE,38.68763277,-75.35930444,53.3,NON-ATCT,04/22|10/28,GED
ILG,NEW CASTLE,DE,39.67870972,-75.606635,79.9,ATCT,01/19|09/27|14/32,ILG
AAF,APALACHICOLA RGNL-CLEVE RANDOLPH FLD,FL,29.72754944,-85.0273775,19.6,NON-ATCT,06/24|14/32|18/36,AAF
APF,NAPLES MUNI,FL,26.1524408,-81.77563919,8.3,ATCT,05/23|14/32,APF
BCR,TRI-COUNTY,FL,30.84388555,-85.60174944,86.0,NON-ATCT,01/19,BCR
BKV,BROOKSVILLE-TAMPA BAY RGNL,FL,28.47345805,-82.456065,76.1,ATCT,03/21|09/27,BKV
CEW,BOB SIKES,FL,30.77883111,-86.52211277,213.5,NON-ATCT,17/35,CEW
CRG,JACKSONVILLE EXEC AT CRAIG,FL,30.33633333,-81.51444444,40.7,ATCT,05/23|14/32,CRG
DAB,DAYTONA BEACH INTL,FL,29.17990888,-81.05804222,34.2,ATCT-TRACON,07L/25R|07R/25L|16/34,DAB
DJT,PRESIDENT DONALD J TRUMP INTL,FL,26.68316166,-80.09559194,19.6,ATCT-TRACON,10L/28R|10R/28L|14/32,DJT
DTS,DESTIN EXEC,FL,30.40005472,-86.47147222,22.6,ATCT,14/32,DTS
ECP,NORTHWEST FLORIDA BEACHES INTL,FL,30.35824083,-85.79560222,68.8,ATCT,16/34,ECP
EYW,KEY WEST INTL,FL,24.55611972,-81.75995583,3.4,ATCT,09/27,EYW
FLL,FORT LAUDERDALE/HOLLYWOOD INTL,FL,26.07166666,-80.14969444,65.0,ATCT,10L/28R|10R/28L,FLL
FMY,PAGE FLD,FL,26.58661527,-81.86324666,17.0,ATCT,05/23|13/31,FMY
FPR,TREASURE COAST INTL,FL,27.49747222,-80.37263888,23.4,ATCT,10L/28R|10R/28L|14/32,FPR
FXE,FORT LAUDERDALE EXEC,FL,26.19727936,-80.17070627,13.4,ATCT,09/27|13/31,FXE
GIF,WINTER HAVEN RGNL,FL,28.06292027,-81.75331444,145.5,NON-ATCT,05/23|11/29,GIF
GNV,GAINESVILLE RGNL,FL,29.69005555,-82.27177777,151.4,ATCT,07/25|11/29,GNV
HWO,NORTH PERRY,FL,26.00126166,-80.24069416,8.5,ATCT,01L/19R|01R/19L|10L/28R|10R/28L,HWO
JAX,JACKSONVILLE INTL,FL,30.49404555,-81.68784666,29.6,ATCT-TRACON,08/26|14/32,JAX
LEE,LEESBURG INTL,FL,28.82289805,-81.8084175,76.0,ATCT,04/22|13/31,LEE
MAI,MARIANNA MUNI,FL,30.83822138,-85.18222361,110.7,NON-ATCT,08/26|18/36,MAI
MCO,ORLANDO INTL,FL,28.42939361,-81.3089925,96.3,ATCT,17L/35R|17R/35L|18L/36R|18R/36L,MCO
MIA,MIAMI INTL,FL,25.79536111,-80.29011583,9.3,ATCT-TRACON,08L/26R|08R/26L|09/27|12/30,MIA
MLB,MELBOURNE ORLANDO INTL,FL,28.10275,-80.64525,33.3,ATCT,05/23|09L/27R|09R/27L,MLB
MTH,THE FLORIDA KEYS MARATHON INTL,FL,24.72628583,-81.05141555,7.3,NON-ATCT,07/25,MTH
OPF,MIAMI-OPA LOCKA EXEC,FL,25.90741666,-80.27822222,8.0,ATCT,09L/27R|09R/27L|12/30,OPF
ORL,ORLANDO EXEC,FL,28.5454625,-81.33293055,112.8,ATCT,07/25|13/31,ORL
PGD,PUNTA GORDA,FL,26.9185925,-81.99088611,25.5,ATCT,04/22|09/27|15/33,PGD
PIE,ST PETE-CLEARWATER INTL,FL,27.90863361,-82.68651,10.7,ATCT,04/22|18/36,PIE
PMP,POMPANO BEACH AIRPARK,FL,26.24736,-80.1111275,19.3,ATCT,06/24|10/28|15/33,PMP
PNS,PENSACOLA INTL,FL,30.47341666,-87.18661111,120.9,ATCT,08/26|17/35,PNS
RSW,SOUTHWEST FLORIDA INTL,FL,26.53616388,-81.755155,29.9,ATCT-TRACON,06/24,RSW
SFB,ORLANDO SANFORD INTL,FL,28.77717805,-81.23491361,54.8,ATCT,09C/27C|09L/27R|09R/27L|18/36,SFB
SPG,ALBERT WHITTED,FL,27.76511416,-82.62693972,6.6,ATCT,07/25|18/36,SPG
SRQ,SARASOTA/BRADENTON INTL,FL,27.39544444,-82.55438888,29.9,ATCT,04/22|14/32,SRQ
TLH,TALLAHASSEE INTL,FL,30.39675416,-84.35086888,83.1,ATCT-TRACON,09/27|18/36,TLH
TMB,MIAMI EXEC,FL,25.64756372,-80.43322461,10.0,ATCT,09L/27R|09R/27L|13/31,TMB
TPA,TAMPA INTL,FL,27.97546944,-82.5332475,26.5,ATCT-TRACON,01L/19R|01R/19L|10/28,TPA
VRB,VERO BEACH RGNL,FL,27.655555,-80.41795416,23.7,ATCT,04/22|12L/30R|12R/30L,VRB
AGS,AUGUSTA RGNL AT BUSH FLD,GA,33.36995416,-81.96449833,145.7,ATCT-TRACON,08/26|17/35,AGS
AHN,ATHENS/BEN EPPS,GA,33.94864027,-83.32591416,812.2,ATCT,02/20|09/27,AHN
AMG,BACON COUNTY,GA,31.53605777,-82.50655333,199.8,NON-ATCT,16/34,AMG
ATL,HARTSFIELD/JACKSON ATLANTA INTL,GA,33.63669961,-84.427864,1026.2,ATCT,08L/26R|08R/26L|09L/27R|09R/27L|10/28,ATL
CSG,COLUMBUS,GA,32.5163275,-84.93887027,397.7,ATCT,06/24|13/31,CSG
DNL,DANIEL FLD,GA,33.46658333,-82.03938888,422.3,NON-ATCT,05/23|11/29,DNL
FFC,ATLANTA RGNL FALCON FLD,GA,33.35772222,-84.57252777,807.7,NON-ATCT,13/31,FFC
FTY,FULTON COUNTY EXEC/CHARLIE BROWN FLD,GA,33.78011922,-84.52070752,841.1,ATCT,08/26,FTY
GVL,LEE GILMER MEML,GA,34.27262638,-83.83022611,1276.9,NON-ATCT,05/23|11/29,GVL
MCN,MIDDLE GEORGIA RGNL,GA,32.69283333,-83.64922222,354.2,ATCT,05/23|14/32,MCN
PDK,DEKALB-PEACHTREE,GA,33.87600194,-84.30203055,998.4,ATCT,03L/21R|03R/21L|16/34,PDK
RMG,RICHARD B RUSSELL RGNL - J H TOWERS FLD,GA,34.35163972,-85.15857611,644.0,NON-ATCT,01/19|07/25,RMG
SAV,SAVANNAH/HILTON HEAD INTL,GA,32.12758333,-81.20213888,50.2,ATCT-TRACON,01/19|10/28,SAV
VLD,VALDOSTA RGNL,GA,30.78146444,-83.27597166,203.1,ATCT,04/22|18/36,VLD
ALO,WATERLOO RGNL,IA,42.55844916,-92.40102333,873.0,ATCT,12/30|18/36,ALO
AMW,AMES MUNI,IA,41.99204361,-93.62182083,955.6,NON-ATCT,01/19|13/31,AMW
BRL,SOUTHEAST IOWA RGNL,IA,40.78297222,-91.12558333,698.7,NON-ATCT,12/30|18/36,BRL
CID,THE EASTERN IOWA,IA,41.88469444,-91.71080555,869.3,ATCT-TRACON,09/27|13/31,CID
DBQ,DUBUQUE RGNL,IA,42.402,-90.70947222,1076.4,ATCT,13/31|18/36,DBQ
DSM,DES MOINES INTL,IA,41.53397277,-93.66307222,957.9,ATCT-TRACON,05/23|13/31,DSM
DVN,DAVENPORT MUNI,IA,41.61027777,-90.58836111,750.5,NON-ATCT,03/21|15/33,DVN
EST,ESTHERVILLE MUNI,IA,43.40747222,-94.74638888,1318.8,NON-ATCT,16/34,EST
IOW,IOWA CITY MUNI,IA,41.63963222,-91.54788944,683.7,NON-ATCT,07/25|12/30,IOW
LWD,LAMONI MUNI,IA,40.63156916,-93.90224916,1130.8,NON-ATCT,18/36,LWD
MCW,MASON CITY MUNI,IA,43.15780555,-93.33125,1213.4,NON-ATCT,12/30|18/36,MCW
MIW,MARSHALLTOWN MUNI,IA,42.11275,-92.91777777,974.6,NON-ATCT,13/31|18/36,MIW
OTM,OTTUMWA RGNL,IA,41.10722222,-92.44716666,845.6,NON-ATCT,04/22|13/31,OTM
SPW,SPENCER MUNI,IA,43.16565194,-95.20279305,1338.9,NON-ATCT,12/30|18/36,SPW
SUX,SIOUX GATEWAY/BRIG GENERAL BUD DAY FLD,IA,42.40130555,-96.38441666,1098.5,ATCT-TRACON,13/31|18/36,SUX
BOI,BOISE AIR TRML/GOWEN FLD,ID,43.56436111,-116.22286111,2871.7,ATCT-TRACON,10L/28R|10R/28L,BOI
BYI,BURLEY MUNI,ID,42.54261111,-113.77152777,4153.5,NON-ATCT,02/20|06/24,BYI
IDA,IDAHO FALLS RGNL,ID,43.51367333,-112.07082027,4743.7,ATCT,03/21|17/35,IDA
JER,JEROME COUNTY,ID,42.72668333,-114.45664722,4053.1,NON-ATCT,09/27,JER
LLJ,CHALLIS,ID,44.52360666,-114.21793861,5075.9,NON-ATCT,17/35,LLJ
LWS,LEWISTON/NEZ PERCE COUNTY,ID,46.37449861,-117.01539638,1442.1,ATCT,08/26|12/30,LWS
MYL,MC CALL MUNI,ID,44.88874416,-116.10175194,5024.1,NON-ATCT,16/34,MYL
PIH,POCATELLO RGNL,ID,42.9097925,-112.59591888,4451.9,ATCT,03/21|17/35,PIH
RXE,REXBURG-MADISON COUNTY,ID,43.83391666,-111.80511111,4862.0,NON-ATCT,17/35,RXE
TWF,JOSLIN FLD/MAGIC VALLEY RGNL,ID,42.48180916,-114.48773611,4153.4,ATCT-A/C,08/26|12/30,TWF
ARR,AURORA MUNI,IL,41.77191666,-88.47566666,712.0,ATCT,09/27|15/33|18/36,ARR
CMI,UNIVERSITY OF ILLINOIS/WILLARD,IL,40.03856083,-88.27653916,754.9,ATCT-TRACON,04/22|14L/32R|14R/32L,CMI
CPS,ST LOUIS DOWNTOWN,IL,38.57036111,-90.15508333,412.9,ATCT,05/23|12L/30R|12R/30L,CPS
DEC,DECATUR,IL,39.8345625,-88.86568916,681.9,ATCT,06/24|12/30|18/36,DEC
DPA,DUPAGE,IL,41.90705305,-88.247995,758.5,ATCT,02L/20R|02R/20L|10/28|15/33,DPA
LWV,LAWRENCEVILLE-VINCENNES INTL,IL,38.76427777,-87.6055,429.8,NON-ATCT,09/27|18/36,LWV
MDH,SOUTHERN ILLINOIS,IL,37.77808333,-89.25202777,411.2,ATCT,06/24|18L/36R|18R/36L,MDH
MDW,CHICAGO MIDWAY INTL,IL,41.78564313,-87.75272861,619.8,ATCT,04L/22R|04R/22L|13L/31R|13R/31L,MDW
MLI,QUAD CITIES INTL,IL,41.44820916,-90.50777,589.6,ATCT-TRACON,05/23|09/27|13/31,MLI
MTO,COLES COUNTY MEML,IL,39.47788888,-88.27997222,722.3,NON-ATCT,06/24|11/29,MTO
ORD,CHICAGO O'HARE INTL,IL,41.97694027,-87.90814972,680.0,ATCT,04L/22R|04R/22L|09C/27C|09L/27R|09R/27L|10C/28C|10L/28R|10R/28L,ORD
PIA,GENERAL DOWNING - PEORIA INTL,IL,40.66419444,-89.69325,660.7,ATCT,04/22|13/31,PIA
PWK,CHICAGO EXEC,IL,42.11488277,-87.9019925,644.9,ATCT,12/30|16/34,PWK
RFD,CHICAGO/ROCKFORD INTL,IL,42.19536111,-89.09722222,742.0,ATCT-TRACON,01/19|07/25,RFD
SPI,ABRAHAM LINCOLN CAPITAL,IL,39.84461111,-89.67755555,597.9,ATCT,04/22|13/31,SPI
UGN,WAUKEGAN NTL,IL,42.42214861,-87.86791611,728.1,ATCT,05/23|14/32,UGN
UIN,QUINCY RGNL-BALDWIN FLD,IL,39.94227527,-91.19240472,768.5,NON-ATCT,04/22|13/31,UIN
BMG,MONROE COUNTY,IN,39.14602111,-86.61668027,845.5,ATCT,06/24|17/35,BMG
EVV,EVANSVILLE RGNL,IN,38.04080416,-87.52849361,421.7,ATCT-TRACON,04/22|09/27|18/36,EVV
EYE,EAGLE CREEK AIRPARK,IN,39.83071722,-86.29438555,822.9,NON-ATCT,03/21,EYE
FWA,FORT WAYNE INTL,IN,40.97847222,-85.19516666,814.5,ATCT-TRACON,05/23|09/27|14/32,FWA
GEZ,SHELBYVILLE MUNI,IN,39.58313888,-85.80480555,802.5,NON-ATCT,01/19,GEZ
GSH,GOSHEN MUNI,IN,41.52613266,-85.7943255,826.4,NON-ATCT,09/27,GSH
HUF,TERRE HAUTE RGNL,IN,39.45063194,-87.30699,589.2,ATCT-TRACON,05/23|14/32,HUF
IND,INDIANAPOLIS INTL,IN,39.71730555,-86.29463888,796.2,ATCT-TRACON,05L/23R|05R/23L|14/32,IND
LAF,PURDUE UNIVERSITY,IN,40.41230444,-86.9368975,605.8,ATCT,05/23|10/28,LAF
MIE,DELAWARE COUNTY RGNL,IN,40.24247222,-85.39575,937.4,ATCT,03/21|14/32,MIE
SBN,SOUTH BEND INTL,IN,41.70822388,-86.3173375,798.4,ATCT-TRACON,09L/27R|09R/27L|18/36,SBN
VPZ,PORTER COUNTY RGNL,IN,41.45397222,-87.00708333,770.3,NON-ATCT,09/27|18/36,VPZ
AAO,COLONEL JAMES JABARA,KS,37.74757416,-97.22111777,1420.8,NON-ATCT,18/36,AAO
CFV,COFFEYVILLE MUNI,KS,37.094,-95.572,754.4,NON-ATCT,04/22|17/35,CFV
CNK,BLOSSER MUNI,KS,39.54986777,-97.65204055,1488.1,NON-ATCT,18/36,CNK
CNU,CHANUTE MARTIN JOHNSON,KS,37.66788388,-95.48671555,1002.5,NON-ATCT,18/36,CNU
DDC,DODGE CITY RGNL,KS,37.76312111,-99.96542361,2595.5,NON-ATCT,02/20|14/32,DDC
EMP,EMPORIA MUNI,KS,38.33056333,-96.18993194,1207.7,NON-ATCT,01/19,EMP
FOE,TOPEKA RGNL,KS,38.95094916,-95.66361361,1077.9,ATCT,03/21|13/31,FOE
GCK,GARDEN CITY RGNL,KS,37.92752777,-100.72441666,2890.8,ATCT,12/30|17/35,GCK
GLD,RENNER FLD/GOODLAND MUNI,KS,39.37074083,-101.69873388,3657.6,NON-ATCT,05/23|12/30,GLD
HLC,HILL CITY MUNI,KS,39.38019444,-99.83147222,2238.4,NON-ATCT,18/36,HLC
HUT,HUTCHINSON RGNL,KS,38.06615472,-97.86048972,1542.5,ATCT,04/22|13/31|17/35,HUT
ICT,WICHITA DWIGHT D EISENHOWER NTL,KS,37.6499525,-97.43304277,1332.6,ATCT-TRACON,01L/19R|01R/19L|14/32,ICT
IXD,NEW CENTURY AIRCENTER,KS,38.83091666,-94.89030555,1087.3,ATCT,04/22|18/36,IXD
LWC,LAWRENCE RGNL,KS,39.01111111,-95.21647222,833.2,NON-ATCT,01/19|15/33,LWC
MHK,MANHATTAN RGNL,KS,39.14141666,-96.67155555,1066.1,ATCT,03/21|13/31,MHK
OJC,JOHNSON COUNTY EXEC,KS,38.84759777,-94.73758388,1096.3,ATCT,18/36,OJC
PPF,TRI-CITY,KS,37.33081361,-95.506175,900.5,NON-ATCT,17/35,PPF
RSL,RUSSELL MUNI,KS,38.87136361,-98.81160361,1863.5,NON-ATCT,17/35,RSL
SLN,SALINA RGNL,KS,38.79061111,-97.65222222,1288.0,ATCT,04/22|12/30|17/35|18/36,SLN
TOP,PHILIP BILLARD MUNI,KS,39.068823,-95.62237591,881.3,ATCT,13/31|18/36,TOP
WLD,STROTHER FLD,KS,37.16861111,-97.03752777,1160.3,NON-ATCT,13/31|17/35,WLD
BWG,BOWLING GREEN-WARREN COUNTY RGNL,KY,36.96452777,-86.41966666,547.2,NON-ATCT,03/21|12/30,BWG
CVG,CINCINNATI/NORTHERN KENTUCKY INTL,KY,39.0488375,-84.66782083,896.1,ATCT-TRACON,09/27|18C/36C|18L/36R|18R/36L,CVG
FFT,CAPITAL CITY,KY,38.18173166,-84.90675027,812.5,NON-ATCT,07/25,FFT
JKL,JULIAN CARROLL,KY,37.59385916,-83.31724055,1380.8,NON-ATCT,01/19,JKL
LEX,BLUE GRASS,KY,38.03674166,-84.60861722,979.5,ATCT-TRACON,04/22|09/27,LEX
LOU,BOWMAN FLD,KY,38.22798472,-85.66374833,545.5,ATCT,06/24|15/33,LOU
LOZ,LONDON/CORBIN/MAGEE,KY,37.08689166,-84.07739333,1212.3,NON-ATCT,06/24,LOZ
PAH,BARKLEY RGNL,KY,37.06028833,-88.77295888,410.4,ATCT,05/23|14/32,PAH
SDF,LOUISVILLE MUHAMMAD ALI INTL,KY,38.174085,-85.73649361,500.8,ATCT-TRACON,11/29|17L/35R|17R/35L,SDF
AEX,ALEXANDRIA INTL,LA,31.32737166,-92.54855583,88.1,ATCT,14/32|18/36,AEX
ARA,ACADIANA RGNL,LA,30.03775833,-91.88389611,24.0,ATCT,17/35,ARA
ASD,SLIDELL,LA,30.34633333,-89.82080555,28.3,NON-ATCT,18/36,ASD
BTR,"BATON ROUGE METRO, RYAN FLD",LA,30.53291666,-91.14988888,69.7,ATCT-TRACON,04L/22R|04R/22L|13/31,BTR
DTN,SHREVEPORT DOWNTOWN,LA,32.54082194,-93.74383583,179.5,ATCT,05/23|14/32,DTN
ESF,ESLER RGNL,LA,31.39490416,-92.29577305,111.8,NON-ATCT,09/27|14/32,ESF
LCH,LAKE CHARLES RGNL,LA,30.12609444,-93.22341277,14.5,ATCT-TRACON,05/23|15/33,LCH
LFT,LAFAYETTE RGNL/PAUL FOURNET FLD,LA,30.20502666,-91.98775388,40.9,ATCT-TRACON,04L/22R|04R/22L|11/29,LFT
MLU,MONROE RGNL,LA,32.51055583,-92.03613361,78.9,ATCT-TRACON,04/22|14/32,MLU
MSY,LOUIS ARMSTRONG NEW ORLEANS INTL,LA,29.99327222,-90.2590275,3.0,ATCT-TRACON,02/20|11/29,MSY
NEW,LAKEFRONT,LA,30.04241666,-90.02825,7.3,ATCT,09/27|18L/36R|18R/36L,NEW
SHV,SHREVEPORT RGNL,LA,32.44651527,-93.82604,257.6,ATCT,06/24|14/32,SHV
TVR,VICKSBURG TALLULAH RGNL,LA,32.35161111,-91.02768872,85.7,NON-ATCT,18/36,TVR
ACK,NANTUCKET MEML,MA,41.25329916,-70.06051138,46.8,ATCT,06/24|15/33,ACK
AQW,HARRIMAN-AND-WEST,MA,42.6962538,-73.17055305,653.8,NON-ATCT,11/29,AQW
BAF,WESTFIELD-BARNES RGNL,MA,42.15794444,-72.71586111,270.0,ATCT,02/20|15/33,BAF
BED,LAURENCE G HANSCOM FLD,MA,42.46994444,-71.289,132.0,ATCT,05/23|11/29,BED
BOS,GENERAL EDWARD LAWRENCE LOGAN INTL,MA,42.36294444,-71.00638888,19.1,ATCT,04L/22R|04R/22L|09/27|14/32|15L/33R|15R/33L,BOS
BVY,BEVERLY RGNL,MA,42.58414138,-70.91614444,107.2,ATCT,09/27|16/34,BVY
CQX,CHATHAM MUNI,MA,41.68830416,-69.98965194,63.6,NON-ATCT,06/24,CQX
EWB,NEW BEDFORD RGNL,MA,41.67656611,-70.95783611,79.1,ATCT,05/23|14/32,EWB
FIT,FITCHBURG MUNI,MA,42.55384722,-71.75917388,344.5,NON-ATCT,14/32,FIT
HYA,CAPE COD GATEWAY,MA,41.66933722,-70.28035916,54.1,ATCT,06/24|15/33,HYA
LWM,LAWRENCE MUNI,MA,42.71704222,-71.12353333,147.6,ATCT,05/23|14/32,LWM
MVY,MARTHA'S VINEYARD,MA,41.3934175,-70.61387444,66.9,ATCT,06/24|15/33,MVY
ORE,ORANGE MUNI,MA,42.56999694,-72.28849833,555.6,NON-ATCT,01/19|14/32,ORE
ORH,WORCESTER RGNL,MA,42.26713888,-71.87561111,1009.0,ATCT,11/29|15/33,ORH
OWD,NORWOOD MEML,MA,42.19052027,-71.17293083,49.2,ATCT,10/28|17/35,OWD
PSF,PITTSFIELD MUNI,MA,42.42763027,-73.29079222,1188.5,NON-ATCT,08/26|14/32,PSF
PYM,PLYMOUTH MUNI,MA,41.90878833,-70.72762805,148.1,NON-ATCT,06/24|15/33,PYM
TAN,TAUNTON MUNI/KING FLD,MA,41.87408027,-71.01523277,41.3,NON-ATCT,12/30,TAN
BWI,BALTIMORE/WASHINGTON INTL THURGOOD MARSHALL,MD,39.17572833,-76.66899111,143.4,ATCT,10/28|15L/33R|15R/33L,BWI
FDK,FREDERICK MUNI,MD,39.41702111,-77.37473222,308.9,ATCT,05/23|12/30,FDK
HGR,HAGERSTOWN RGNL/RICHARD A HENSON FLD,MD,39.7085,-77.7265,703.1,ATCT,02/20|09/27,HGR
OXB,OCEAN CITY MUNI,MD,38.31047916,-75.12402527,15.9,NON-ATCT,02/20|14/32,OXB
SBY,SALISBURY-OCEAN CITY WICOMICO RGNL,MD,38.34018944,-75.50947805,52.5,ATCT,05/23|14/32,SBY
AUG,AUGUSTA STATE,ME,44.32068694,-69.79730861,351.7,NON-ATCT,08/26|17/35,AUG
BGR,BANGOR INTL,ME,44.80744444,-68.82813888,192.1,ATCT-TRACON,15/33,BGR
CAR,CARIBOU MUNI,ME,46.87163888,-68.01819444,620.3,NON-ATCT,01/19|11/29,CAR
FVE,NORTHERN AROOSTOOK RGNL,ME,47.2855,-68.31272222,987.2,NON-ATCT,14/32,FVE
HUL,HOULTON INTL,ME,46.12460694,-67.79236027,489.4,NON-ATCT,01/19|05/23,HUL
IWI,WISCASSET,ME,43.96141666,-69.71255555,70.2,NON-ATCT,07/25,IWI
IZG,WHITE MOUNTAIN RGNL,ME,43.99113888,-70.94788888,454.6,NON-ATCT,14/32,IZG
MLT,MILLINOCKET MUNI,ME,45.64783333,-68.68555555,408.1,NON-ATCT,11/29|16/34,MLT
PWM,PORTLAND INTL JETPORT,ME,43.6456435,-70.30861636,75.7,ATCT-TRACON,11/29|18/36,PWM
ADG,LENAWEE COUNTY,MI,41.86763666,-84.07730583,802.2,NON-ATCT,05/23,ADG
ANJ,SAULT STE MARIE MUNI/SANDERSON FLD,MI,46.47922222,-84.36838888,716.4,NON-ATCT,14/32,ANJ
APN,ALPENA COUNTY RGNL,MI,45.07808333,-83.56030555,689.5,ATCT-RAPCON,01/19|07/25,APN
ARB,ANN ARBOR MUNI,MI,42.22292755,-83.74570883,839.0,ATCT,06/24,ARB
AZO,KALAMAZOO/BATTLE CREEK INTL,MI,42.23438888,-85.55155555,873.9,ATCT-TRACON,05/23|09/27|17/35,AZO
BEH,SOUTHWEST MICHIGAN RGNL,MI,42.12838083,-86.42488111,649.1,NON-ATCT,10/28|14/32,BEH
BIV,WEST MICHIGAN RGNL,MI,42.74277777,-86.10783333,697.9,NON-ATCT,08/26,BIV
BTL,BATTLE CREEK EXEC AT KELLOGG FLD,MI,42.30647388,-85.25008944,951.6,ATCT,05L/23R|05R/23L|13/31,BTL
CMX,HOUGHTON COUNTY MEML,MI,47.16841694,-88.48906944,1095.1,NON-ATCT,07/25|14/32,CMX
DET,COLEMAN A YOUNG MUNI,MI,42.41236361,-83.01059777,624.2,ATCT,15/33,DET
DTW,DETROIT METRO WAYNE COUNTY,MI,42.21243111,-83.35339333,645.2,ATCT,03L/21R|03R/21L|04L/22R|04R/22L|09L/27R|09R/27L,DTW
FNT,BISHOP INTL,MI,42.96546388,-83.74473805,782.1,ATCT,09/27|18/36,FNT
GLR,GAYLORD RGNL,MI,45.01302777,-84.70344444,1328.1,NON-ATCT,09/27|18/36,GLR
GOV,GRAYLING AAF,MI,44.68033333,-84.72886111,1158.1,ATCT,05/23|14/32,GOV
GRR,GERALD R FORD INTL,MI,42.88083333,-85.52280555,793.6,ATCT,08L/26R|08R/26L|17/35,GRR
HTL,ROSCOMMON COUNTY/BLODGETT MEML,MI,44.35986902,-84.66948302,1149.7,NON-ATCT,09/27,HTL
IMT,FORD,MI,45.81835638,-88.11454444,1182.0,NON-ATCT,01/19|13/31,IMT
JXN,JACKSON COUNTY/REYNOLDS FLD,MI,42.26044305,-84.46213861,1000.8,ATCT,07/25|14/32,JXN
LAN,CAPITAL REGION INTL,MI,42.7786475,-84.58620555,860.5,ATCT,06/24|10L/28R|10R/28L,LAN
MBS,MBS INTL,MI,43.53292694,-84.07963583,668.3,ATCT,05/23|14/32,MBS
MKG,MUSKEGON COUNTY,MI,43.16767277,-86.23543805,628.2,ATCT,06/24|14/32,MKG
PLN,PELLSTON RGNL/EMMET COUNTY,MI,45.57091666,-84.79672222,720.6,NON-ATCT,05/23|14/32,PLN
PTK,OAKLAND COUNTY INTL,MI,42.66563619,-83.42050563,980.6,ATCT,09L/27R|09R/27L|18/36,PTK
TVC,CHERRY CAPITAL,MI,44.74157861,-85.58187,623.9,ATCT,10/28|18/36,TVC
YIP,WILLOW RUN,MI,42.24027388,-83.53146111,715.9,ATCT,05/23|09/27,YIP
AXN,ALEXANDRIA RGNL/CHANDLER FLD,MN,45.86630555,-95.39466666,1425.3,NON-ATCT,04/22|13/31,AXN
BDE,BAUDETTE INTL,MN,48.73025,-94.61105555,1085.4,NON-ATCT,12/30,BDE
BRD,BRAINERD LAKES RGNL,MN,46.40422222,-94.13380555,1232.2,NON-ATCT,05/23|16/34,BRD
DLH,DULUTH INTL,MN,46.84206975,-92.19323722,1427.8,ATCT-TRACON,03/21|09/27,DLH
FCM,FLYING CLOUD,MN,44.82750722,-93.45857166,906.2,ATCT,10L/28R|10R/28L|18/36,FCM
HIB,RANGE RGNL,MN,47.386575,-92.83897805,1353.7,NON-ATCT,04/22|13/31,HIB
INL,FALLS INTL/EINARSON FLD,MN,48.56558777,-93.40217916,1184.4,NON-ATCT,04/22|13/31,INL
MIC,CRYSTAL,MN,45.06246944,-93.35396527,869.3,ATCT,06L/24R|14/32,MIC
MSP,MINNEAPOLIS-ST PAUL INTL/WOLD-CHAMBERLAIN,MN,44.88197222,-93.22177777,841.8,ATCT,04/22|12L/30R|12R/30L|17/35,MSP
PKD,PARK RAPIDS MUNI/KONSHOK FLD,MN,46.9012038,-95.07310625,1444.5,NON-ATCT,13/31|18/36,PKD
RST,ROCHESTER INTL,MN,43.90827777,-92.50002777,1317.4,ATCT-TRACON,03/21|13/31,RST
RWF,REDWOOD FALLS MUNI,MN,44.54688888,-95.082,1023.6,NON-ATCT,12/30,RWF
STC,ST CLOUD SKY CENTRAL,MN,45.54622222,-94.05938888,1030.5,ATCT,05/23|13/31,STC
STP,ST PAUL DOWNTOWN HOLMAN FLD,MN,44.93461527,-93.06035388,705.0,ATCT,09/27|13/31|14/32,STP
CGI,CAPE GIRARDEAU RGNL,MO,37.22531527,-89.57075944,341.5,ATCT,02/20|10/28,CGI
COU,COLUMBIA RGNL,MO,38.81773555,-92.21779194,889.4,ATCT,02/20|13/31,COU
DMO,SEDALIA RGNL,MO,38.70741666,-93.17591666,909.7,NON-ATCT,05/23|18/36,DMO
IRK,KIRKSVILLE RGNL,MO,40.09347222,-92.54491666,966.3,NON-ATCT,18/36,IRK
JEF,JEFFERSON CITY MEML,MO,38.59117361,-92.15614472,549.4,ATCT,09/27|12/30,JEF
JLN,JOPLIN RGNL,MO,37.15316722,-94.4988075,977.9,ATCT,13/31|18/36,JLN
LXT,KANSAS CITY/LEE'S SUMMIT RGNL,MO,38.95909666,-94.37189472,1004.1,NON-ATCT,11/29|18/36,LXT
MCI,KANSAS CITY INTL,MO,39.29760361,-94.71390583,1027.1,ATCT-TRACON,01L/19R|01R/19L|09/27,MCI
MKC,KANSAS CITY DOWNTOWN/WHEELER FLD,MO,39.122935,-94.59282333,756.9,ATCT,01/19|04/22,MKC
POF,POPLAR BLUFF RGNL BUSINESS,MO,36.77393527,-90.32485277,330.8,NON-ATCT,18/36,POF
SET,ST CHARLES COUNTY RGNL/SMARTT FLD,MO,38.92969083,-90.42996138,436.8,NON-ATCT,18/36,SET
SGF,SPRINGFIELD-BRANSON NTL,MO,37.24566138,-93.38862694,1268.3,ATCT-TRACON,02/20|14/32,SGF
STJ,ROSECRANS MEML,MO,39.77194444,-94.90970555,826.5,ATCT-RAPCON,13/31|17/35,STJ
STL,ST LOUIS LAMBERT INTL,MO,38.74869822,-90.37002572,617.3,ATCT,06/24|11/29|12L/30R|12R/30L,STL
SUS,SPIRIT OF ST LOUIS,MO,38.66211722,-90.65204666,463.3,ATCT,08L/26R|08R/26L,SUS
TBN,WAYNESVILLE-ST ROBERT RGNL FORNEY FLD,MO,37.74163888,-92.14072222,1159.5,ATCT,15/33,TBN
UNO,WEST PLAINS RGNL,MO,36.87842305,-91.90267444,1228.3,NON-ATCT,18/36,UNO
VIH,ROLLA NTL,MO,38.12742944,-91.76951388,1147.8,NON-ATCT,04/22|13/31,VIH
GLH,GREENVILLE MID-DELTA,MS,33.48524694,-90.98448555,130.7,ATCT,18L/36R|18R/36L,GLH
GPT,GULFPORT-BILOXI INTL,MS,30.40726916,-89.07009583,28.0,ATCT-TRACON,14/32|18/36,GPT
GWO,GREENWOOD-LEFLORE,MS,33.49330894,-90.08667741,162.0,ATCT,05/23|18/36,GWO
HBG,HATTIESBURG BOBBY L CHAIN MUNI,MS,31.26494444,-89.25288888,150.8,NON-ATCT,13/31,HBG
HKS,HAWKINS FLD,MS,32.33477777,-90.22252777,341.3,ATCT,11/29|16/34,HKS
JAN,JACKSON-MEDGAR WILEY EVERS INTL,MS,32.31116666,-90.07588888,346.4,ATCT-TRACON,16L/34R|16R/34L,JAN
MCB,MC COMB/PIKE COUNTY/JOHN E LEWIS FLD,MS,31.17844444,-90.47186111,413.2,NON-ATCT,16/34,MCB
MEI,KEY FLD,MS,32.33286166,-88.75157222,297.8,ATCT,01/19|04/22,MEI
PQL,TRENT LOTT INTL,MS,30.46277194,-88.52922861,16.8,ATCT,17/35,PQL
TUP,TUPELO RGNL,MS,34.269,-88.76988888,346.5,ATCT,18/36,TUP
BHK,BAKER MUNI,MT,46.34661111,-104.25811111,2980.7,NON-ATCT,13/31,BHK
BIL,BILLINGS LOGAN INTL,MT,45.80784913,-108.54354355,3662.3,ATCT-TRACON,07/25|10L/28R|10R/28L,BIL
BTM,BERT MOONEY,MT,45.95480555,-112.49747222,5550.5,NON-ATCT,12/30|15/33,BTM
BZN,BOZEMAN YELLOWSTONE INTL,MT,45.77723577,-111.15026027,4473.4,ATCT,03/21|11/29|12/30,BZN
CTB,CUT BANK INTL,MT,48.60835475,-112.37615077,3857.8,NON-ATCT,05/23|14/32,CTB
DLN,DILLON,MT,45.25536111,-112.5525,5244.7,NON-ATCT,04/22|17/35,DLN
GGW,WOKAL FLD/GLASGOW-VALLEY COUNTY,MT,48.21244444,-106.61480555,2295.9,NON-ATCT,08/26|12/30,GGW
GPI,GLACIER PARK INTL,MT,48.3105,-114.256,2976.8,ATCT,02/20|12/30,GPI
GTF,GREAT FALLS INTL,MT,47.48229927,-111.37027941,3680.0,ATCT-TRACON,03/21|17/35,GTF
HLN,HELENA RGNL,MT,46.60672222,-111.98327777,3877.3,ATCT-A/C,05/23|09/27|17/35,HLN
HVR,HAVRE CITY-COUNTY,MT,48.54298472,-109.76234222,2591.3,NON-ATCT,03/21|08/26,HVR
LVM,MISSION FLD,MT,45.69941666,-110.44802777,4659.4,NON-ATCT,04/22,LVM
LWT,LEWISTOWN MUNI,MT,47.04925,-109.46669444,4170.4,NON-ATCT,03/21|08/26|13/31,LWT
MLS,FRANK WILEY FLD,MT,46.42688638,-105.88822527,2634.1,NON-ATCT,04/22|13/31,MLS
MSO,MISSOULA MONTANA,MT,46.91630555,-114.09055555,3205.6,ATCT,08/26|12/30,MSO
OLF,L M CLAYTON,MT,48.0945,-105.57505555,1988.5,NON-ATCT,11/29,OLF
AKH,GASTONIA MUNI,NC,35.20262305,-81.14987583,797.9,NON-ATCT,03/21,AKH
AVL,ASHEVILLE RGNL,NC,35.43611305,-82.5420475,2163.9,ATCT-TRACON,17/35,AVL
BUY,BURLINGTON/ALAMANCE RGNL,NC,36.04972777,-79.47300805,616.1,NON-ATCT,06/24,BUY
CLT,CHARLOTTE/DOUGLAS INTL,NC,35.21318694,-80.95137916,747.9,ATCT-TRACON,01L/19R|01R/19L|18/36,CLT
ECG,ELIZABETH CITY CG AIR STATION/RGNL,NC,36.26057555,-76.17456722,10.6,ATCT,01/19|10/28,ECG
EQY,CHARLOTTE/MONROE EXEC,NC,35.01741611,-80.62205583,682.5,NON-ATCT,05/23,EQY
EWN,COASTAL CAROLINA RGNL,NC,35.07285444,-77.04301972,17.9,ATCT,04/22|14/32,EWN
FAY,FAYETTEVILLE RGNL/GRANNIS FLD,NC,34.99121111,-78.88027416,189.4,ATCT-TRACON,04/22|10/28,FAY
GSO,PIEDMONT TRIAD INTL,NC,36.10132666,-79.94112277,925.5,ATCT-TRACON,05L/23R|05R/23L|14/32,GSO
HKY,HICKORY RGNL,NC,35.74114555,-81.38955055,1189.6,ATCT,06/24,HKY
HSE,BILLY MITCHELL,NC,35.23280555,-75.61780555,16.3,NON-ATCT,07/25,HSE
ILM,WILMINGTON INTL,NC,34.27115138,-77.90289055,31.7,ATCT-TRACON,06/24|17/35,ILM
INT,SMITH REYNOLDS,NC,36.1337138,-80.22198772,969.4,ATCT,04/22|15/33,INT
LBT,LUMBERTON RGNL,NC,34.60981111,-79.05954972,124.6,NON-ATCT,05/23|13/31,LBT
MEB,LAURINBURG/MAXTON,NC,34.79217222,-79.36589611,215.6,NON-ATCT,05/23|13/31,MEB
MRH,MICHAEL J SMITH FLD,NC,34.73375861,-76.66035472,10.1,NON-ATCT,03/21|08/26|14/32,MRH
RDU,RALEIGH-DURHAM INTL,NC,35.87763888,-78.78747222,435.2,ATCT-TRACON,05L/23R|05R/23L|14/32,RDU
RWI,ROCKY MOUNT/WILSON RGNL,NC,35.85625277,-77.89193333,157.7,NON-ATCT,04/22,RWI
BIS,BISMARCK MUNI,ND,46.77273388,-100.7457375,1661.3,ATCT-TRACON,03/21|13/31,BIS
DIK,DICKINSON/THEODORE ROOSEVELT RGNL,ND,46.80047361,-102.80443527,2592.1,NON-ATCT,07/25|14/32,DIK
FAR,HECTOR INTL,ND,46.92063888,-96.81575,901.3,ATCT-TRACON,09/27|13/31|18/36,FAR
GFK,GRAND FORKS INTL,ND,47.94786844,-97.17568536,845.2,ATCT,09L/27R|09R/27L|17L/35R|17R/35L,GFK
HEI,HETTINGER/JB LINDQUIST RGNL,ND,46.01488888,-102.656,2705.8,NON-ATCT,12/30,HEI
JMS,JAMESTOWN RGNL,ND,46.92972222,-98.67819444,1499.9,NON-ATCT,04/22|13/31,JMS
MOT,MINOT INTL,ND,48.25763888,-101.27802777,1715.7,ATCT,08/26|13/31,MOT
XWA,WILLISTON BASIN INTL,ND,48.25978361,-103.75055666,2356.0,NON-ATCT,04/22|14/32,XWA
AIA,ALLIANCE MUNI,NE,42.05322222,-102.80375,3930.6,NON-ATCT,08/26|12/30|17/35,AIA
BBW,BROKEN BOW MUNI/KEITH GLAZE FLD,NE,41.43644611,-99.64216444,2546.3,NON-ATCT,14/32,BBW
BFF,SCOTTSBLUFF/WESTERN NEBRASKA RGNL/WM  B HEILIG FLD,NE,41.87402777,-103.59563888,3967.3,NON-ATCT,05/23|12/30,BFF
CDR,CHADRON MUNI,NE,42.83755769,-103.09540191,3297.8,NON-ATCT,03/21|12/30,CDR
FNB,BRENNER FLD,NE,40.07878416,-95.59198916,983.9,NON-ATCT,15/33,FNB
GRI,CENTRAL NEBRASKA RGNL,NE,40.9675425,-98.30963888,1847.1,ATCT,13/31|17/35,GRI
HSI,HASTINGS MUNI,NE,40.60525,-98.42788888,1961.2,NON-ATCT,04/22|14/32,HSI
IML,IMPERIAL MUNI,NE,40.51032622,-101.62014602,3276.0,NON-ATCT,13/31,IML
LBF,NORTH PLATTE RGNL/LEE BIRD FLD,NE,41.12621277,-100.68365305,2777.0,NON-ATCT,12/30|17/35,LBF
LNK,LINCOLN,NE,40.85089138,-96.75912111,1218.7,ATCT,14/32|17/35|18/36,LNK
MCK,MC COOK BEN NELSON RGNL,NE,40.20629222,-100.59209388,2582.9,NON-ATCT,04/22|12/30,MCK
ODX,EVELYN SHARP FLD,NE,41.62369444,-98.95186111,2070.0,NON-ATCT,13/31,ODX
OFK,NORFOLK RGNL/KARL STEFAN MEML FLD,NE,41.98546027,-97.43511361,1572.6,NON-ATCT,02/20|14/32,OFK
OMA,EPPLEY AIRFIELD,NE,41.30316666,-95.89405555,984.5,ATCT,14L/32R|14R/32L|18/36,OMA
SNY,SIDNEY MUNI/LLOYD W CARR FLD,NE,41.09976083,-102.98499305,4314.2,NON-ATCT,13/31,SNY
TQE,TEKAMAH MUNI,NE,41.76353705,-96.177939,1026.8,NON-ATCT,15/33,TQE
VTN,MILLER FLD,NE,42.85669638,-100.54896416,2595.4,NON-ATCT,03/21|14/32,VTN
AFN,JAFFREY AIRFIELD SILVER RANCH,NH,42.80513416,-72.00302194,1039.5,NON-ATCT,16/34,AFN
BML,BERLIN RGNL,NH,44.57536111,-71.17591666,1161.3,NON-ATCT,18/36,BML
CON,CONCORD MUNI,NH,43.20272222,-71.50227777,341.7,NON-ATCT,12/30|17/35,CON
DAW,SKYHAVEN,NH,43.28423483,-70.9295495,322.1,NON-ATCT,15/33,DAW
HIE,MOUNT WASHINGTON RGNL,NH,44.36755555,-71.54580555,1072.0,NON-ATCT,10/28,HIE
LEB,LEBANON MUNI,NH,43.62611111,-72.30419444,603.3,ATCT,07/25|18/36,LEB
MHT,MANCHESTER BOSTON RGNL,NH,42.93280555,-71.43575,266.4,ATCT,06/24|17/35,MHT
PSM,PORTSMOUTH INTL AT PEASE,NH,43.07794444,-70.82327777,100.4,ATCT,16/34,PSM
ACY,ATLANTIC CITY INTL,NJ,39.45757583,-74.57715527,74.8,ATCT-TRACON,04/22|13/31,ACY
CDW,ESSEX COUNTY,NJ,40.87522472,-74.28135027,172.3,ATCT,04/22|10/28,CDW
EWR,NEWARK LIBERTY INTL,NJ,40.69248055,-74.16868777,17.5,ATCT,04L/22R|04R/22L|11/29,EWR
FWN,SUSSEX,NJ,41.20021388,-74.62303527,421.6,NON-ATCT,03/21,FWN
MIV,MILLVILLE MUNI,NJ,39.36780555,-75.07222222,84.6,NON-ATCT,10/28|14/32,MIV
SMQ,SOMERSET,NJ,40.62598063,-74.67003161,106.2,NON-ATCT,12/30,SMQ
TEB,TETERBORO,NJ,40.85010194,-74.06083333,8.3,ATCT,01/19|06/24,TEB
TTN,TRENTON MERCER,NJ,40.27669444,-74.81347222,212.6,ATCT,06/24|16/34,TTN
VAY,SOUTH JERSEY RGNL,NJ,39.94288888,-74.84575,52.8,NON-ATCT,08/26,VAY
ABQ,ALBUQUERQUE INTL SUNPORT,NM,35.03893155,-106.60826216,5354.9,ATCT-TRACON,03/21|08/26|12/30,ABQ
CAO,CLAYTON MUNI AIRPARK,NM,36.44629111,-103.14993194,4969.8,NON-ATCT,02/20|12/30,CAO
CNM,CAVERN CITY AIR TRML,NM,32.33744444,-104.26336111,3294.6,NON-ATCT,03/21|08/26|14L/32R|14R/32L,CNM
DMN,DEMING MUNI,NM,32.26238888,-107.719,4314.0,NON-ATCT,04/22|08/26,DMN
FMN,FOUR CORNERS RGNL,NM,36.74125111,-108.22994166,5506.6,ATCT,05/23|07/25,FMN
GUP,GALLUP MUNI,NM,35.51105833,-108.78930944,6472.6,NON-ATCT,06/24,GUP
LVS,LAS VEGAS MUNI,NM,35.65422222,-105.14238888,6877.2,NON-ATCT,02/20|14/32,LVS
ROW,ROSWELL AIR CENTER,NM,33.2998775,-104.52940305,3671.0,ATCT-TRACON,03/21|17/35,ROW
RTN,RATON MUNI/CREWS FLD,NM,36.74243916,-104.50172638,6352.4,NON-ATCT,02/20|07/25,RTN
SAF,SANTA FE RGNL,NM,35.61711111,-106.08941666,6348.7,ATCT,02/20|10/28|15/33,SAF
TCC,TUCUMCARI MUNI,NM,35.18277805,-103.60319444,4064.9,NON-ATCT,03/21|08/26,TCC
TCS,TRUTH OR CONSEQUENCES MUNI,NM,33.23536111,-107.26988888,4861.9,NON-ATCT,13/31,TCS
EKO,ELKO RGNL,NV,40.82499861,-115.7913375,5139.8,NON-ATCT,06/24|12/30,EKO
ELY,ELY/YELLAND FLD,NV,39.29968833,-114.84187805,6259.7,NON-ATCT,12/30|18/36,ELY
LAS,HARRY REID INTL,NV,36.08034277,-115.15244861,2183.1,ATCT,01L/19R|01R/19L|08L/26R|08R/26L,LAS
LOL,DERBY FLD,NV,40.06646747,-118.56508611,3907.6,NON-ATCT,02/20|08/26,LOL
RNO,RENO/TAHOE INTL,NV,39.49911111,-119.76811111,4414.9,ATCT,08/26|17L/35R|17R/35L,RNO
TPH,TONOPAH,NV,38.05989361,-117.08660083,5430.3,NON-ATCT,11/29|15/33,TPH
VGT,NORTH LAS VEGAS,NV,36.21070291,-115.19444319,2205.0,ATCT,07/25|12L/30R|12R/30L,VGT
WMC,WINNEMUCCA MUNI,NV,40.89661111,-117.80588888,4307.6,NON-ATCT,02/20|14/32,WMC
ALB,ALBANY INTL,NY,42.74911611,-73.80198,284.8,ATCT-TRACON,01/19|10/28,ALB
ART,WATERTOWN INTL,NY,43.99183333,-76.01941666,330.8,NON-ATCT,07/25|10/28,ART
BGM,GREATER BINGHAMTON/EDWIN A LINK FLD,NY,42.20844444,-75.97961111,1635.6,ATCT-TRACON,10/28|16/34,BGM
BUF,BUFFALO NIAGARA INTL,NY,42.94042722,-78.73056972,726.8,ATCT-TRACON,05/23|14/32,BUF
DKK,CHAUTAUQUA COUNTY/DUNKIRK,NY,42.49394444,-79.27111111,692.3,NON-ATCT,06/24|15/33,DKK
DSV,DANSVILLE MUNI,NY,42.57053138,-77.71327277,659.8,NON-ATCT,14/32,DSV
ELM,ELMIRA/CORNING RGNL,NY,42.15985472,-76.89174777,955.1,ATCT-TRACON,06/24|10/28,ELM
ELZ,WELLSVILLE MUNI/TARANTINE FLD,NY,42.10952388,-77.98997861,2124.5,NON-ATCT,10/28,ELZ
FOK,FRANCIS S GABRESKI,NY,40.84361861,-72.63181194,66.1,ATCT,01/19|06/24|15/33,FOK
FRG,REPUBLIC,NY,40.72927416,-73.41342083,81.6,ATCT,01/19|14/32,FRG
FZY,OSWEGO COUNTY,NY,43.35077361,-76.38805555,475.1,NON-ATCT,06/24|15/33,FZY
GFL,FLOYD BENNETT MEML,NY,43.34122222,-73.61030555,328.4,NON-ATCT,01/19|12/30,GFL
HPN,WESTCHESTER COUNTY,NY,41.06695305,-73.70756611,439.0,ATCT,11/29|16/34,HPN
HWV,BROOKHAVEN,NY,40.82195416,-72.86690722,81.3,NON-ATCT,06/24|15/33,HWV
IAG,NIAGARA FALLS INTL,NY,43.10841444,-78.94619611,592.3,ATCT,06/24|10/28,IAG
ISP,LONG ISLAND MAC ARTHUR,NY,40.79613569,-73.10066505,98.7,ATCT,06/24|15L/33R|15R/33L,ISP
JFK,JOHN F KENNEDY INTL,NY,40.63992805,-73.77869222,13.0,ATCT,04L/22R|04R/22L|13L/31R|13R/31L,JFK
LGA,LAGUARDIA,NY,40.77724222,-73.87260555,20.7,ATCT,04/22|13/31,LGA
MGJ,ORANGE COUNTY,NY,41.51181166,-74.26353916,369.9,NON-ATCT,04/22|08/26,MGJ
MSS,MASSENA INTL-RICHARDS FLD,NY,44.93624111,-74.84511972,221.5,NON-ATCT,05/23|09/27,MSS
PBG,PLATTSBURGH INTL,NY,44.65094444,-73.46813888,234.2,NON-ATCT,17/35,PBG
PEO,PENN YAN/YATES COUNTY,NY,42.63708333,-77.05286111,988.0,NON-ATCT,01/19|10/28,PEO
POU,HUDSON VALLEY RGNL,NY,41.626585,-73.88418861,163.5,ATCT,06/24|15/33,POU
RME,GRIFFISS INTL,NY,43.23379944,-75.40702583,504.0,ATCT,15/33,RME
ROC,FREDERICK DOUGLASS/GREATER ROCHESTER INTL,NY,43.11914361,-77.67186888,558.9,ATCT-TRACON,04/22|07/25|10/28,ROC
SLK,ADIRONDACK RGNL,NY,44.38530805,-74.20618138,1662.6,NON-ATCT,05/23|09/27,SLK
SYR,SYRACUSE HANCOCK INTL,NY,43.11118138,-76.10632055,421.1,ATCT-TRACON,10/28|15/33,SYR
AKR,AKRON FULTON INTL,OH,41.03742361,-81.46768472,1067.3,NON-ATCT,07/25,AKR
AOH,LIMA ALLEN COUNTY,OH,40.70747797,-84.02707805,975.3,NON-ATCT,10/28,AOH
BJJ,WAYNE COUNTY,OH,40.87484361,-81.88826027,1135.5,NON-ATCT,10/28,BJJ
BKL,BURKE LAKEFRONT,OH,41.51786111,-81.68263888,583.5,ATCT,06L/24R|06R/24L,BKL
CAK,AKRON-CANTON RGNL,OH,40.91505555,-81.44363888,1225.5,ATCT,01/19|05/23,CAK
CLE,CLEVELAND-HOPKINS INTL,OH,41.40940694,-81.85469111,799.5,ATCT-TRACON,06L/24R|06R/24L|10/28,CLE
CMH,JOHN GLENN COLUMBUS INTL,OH,39.99694666,-82.89215916,815.0,ATCT-TRACON,10L/28R|10R/28L,CMH
DAY,JAMES M COX DAYTON INTL,OH,39.90225222,-84.21941222,1009.1,ATCT,06L/24R|06R/24L|18/36,DAY
DFI,DEFIANCE MEML,OH,41.3375,-84.42880555,706.9,NON-ATCT,12/30,DFI
FDY,FINDLAY,OH,41.01202777,-83.66861111,812.8,NON-ATCT,07/25|18/36,FDY
HAO,BUTLER COUNTY RGNL/HOGAN FLD,OH,39.36375,-84.52194444,631.8,NON-ATCT,12/30,HAO
HZY,NORTHEAST OHIO RGNL,OH,41.77777777,-80.69677777,926.0,NON-ATCT,09/27,HZY
ILN,WILMINGTON AIR PARK,OH,39.42791666,-83.79211111,1076.7,ATCT,04L/22R|04R/22L,ILN
LHQ,FAIRFIELD COUNTY,OH,39.75563861,-82.65709638,868.4,NON-ATCT,10/28,LHQ
LPR,LORAIN COUNTY RGNL,OH,41.34427638,-82.17762888,793.4,NON-ATCT,07/25,LPR
LUK,CINCINNATI MUNI/LUNKEN FLD,OH,39.10297722,-84.41760583,481.6,ATCT,03/21|07/25,LUK
MFD,MANSFIELD LAHM RGNL,OH,40.82141666,-82.51663888,1297.0,ATCT,05/23|14/32,MFD
MGY,DAYTON/WRIGHT BROTHERS,OH,39.58897222,-84.22486111,956.6,NON-ATCT,02/20,MGY
MNN,MARION MUNI,OH,40.61625,-83.06347222,993.4,NON-ATCT,07/25|13/31,MNN
OSU,OHIO STATE UNIVERSITY,OH,40.07951555,-83.07321277,905.5,ATCT,05/23|09L/27R|09R/27L,OSU
PHD,HARRY CLEVER FLD,OH,40.47016666,-81.41994444,894.4,NON-ATCT,15/33,PHD
TDZ,TOLEDO EXEC,OH,41.56494444,-83.48222222,622.7,NON-ATCT,04/22|14/32,TDZ
TOL,EUGENE F KRANZ TOLEDO EXPRESS,OH,41.58681666,-83.80782666,683.9,ATCT-TRACON,07/25|16/34,TOL
VTA,LICKING COUNTY RGNL,OH,40.02466666,-82.46180555,883.8,NON-ATCT,09/27,VTA
YNG,YOUNGSTOWN/WARREN RGNL,OH,41.26158972,-80.68036638,1191.5,ATCT-TRACON,05/23|14/32|143/323,YNG
ZZV,ZANESVILLE MUNI,OH,39.94444611,-81.89209416,899.8,NON-ATCT,04/22|16/34,ZZV
BVO,BARTLESVILLE MUNI,OK,36.76336111,-96.01119444,716.9,NON-ATCT,17/35,BVO
CSM,INFINITY ONE OKLAHOMA SPACEPORT,OK,35.33983916,-99.20049944,1922.1,ATCT,17L/35R|17R/35L,CSM
FDR,FREDERICK RGNL,OK,34.3520958,-98.98390908,1258.0,NON-ATCT,03/21|12/30|17/35,FDR
GAG,GAGE,OK,36.29576527,-99.77649583,2223.2,NON-ATCT,17/35,GAG
GOK,GUTHRIE/EDMOND RGNL,OK,35.8512575,-97.41609027,1069.2,NON-ATCT,16/34,GOK
GUY,GUYMON MUNI,OK,36.68415547,-101.50696863,3125.4,NON-ATCT,18/36,GUY
HBR,HOBART RGNL,OK,34.98991666,-99.05305861,1563.2,NON-ATCT,03/21|17/35,HBR
LAW,LAWTON-FORT SILL RGNL,OK,34.56771444,-98.41663666,1110.3,ATCT,17/35,LAW
MKO,MUSKOGEE-DAVIS RGNL,OK,35.65775,-95.36163888,611.5,NON-ATCT,04/22|13/31,MKO
MLC,MC ALESTER RGNL,OK,34.88238888,-95.78347222,770.8,NON-ATCT,02/20,MLC
OKC,OKC WILL ROGERS INTL,OK,35.39307277,-97.60076555,1295.5,ATCT-TRACON,13/31|17L/35R|17R/35L|18/36,OKC
PNC,PONCA CITY RGNL,OK,36.73195472,-97.09978222,1008.6,NON-ATCT,17/35,PNC
PWA,WILEY POST,OK,35.53400991,-97.64694744,1299.6,ATCT,13/31|17L/35R|17R/35L,PWA
RVS,TULSA RIVERSIDE,OK,36.03958416,-95.98459472,638.2,ATCT,01L/19R|01R/19L|13/31,RVS
SWO,STILLWATER RGNL,OK,36.16138944,-97.08589333,1000.3,ATCT,04/22|17/35,SWO
TUL,TULSA INTL,OK,36.19839333,-95.88810527,677.8,ATCT-TRACON,08/26|18L/36R|18R/36L,TUL
AST,ASTORIA RGNL,OR,46.15797833,-123.87862361,14.7,NON-ATCT,08/26|14/32,AST
BKE,BAKER CITY MUNI,OR,44.83734583,-117.80913972,3373.2,NON-ATCT,08/26|13/31|17/35,BKE
BNO,BURNS MUNI,OR,43.59190555,-118.95543722,4148.2,NON-ATCT,03/21|12/30,BNO
DLS,COLUMBIA GORGE RGNL/THE DALLES MUNI,OR,45.61935516,-121.16827572,246.5,NON-ATCT,07/25|13/31,DLS
EUG,MAHLON SWEET FLD,OR,44.12458333,-123.21197222,373.7,ATCT-TRACON,16L/34R|16R/34L,EUG
HIO,PORTLAND-HILLSBORO,OR,45.54212175,-122.95072188,207.9,ATCT,02/20|13L/31R|13R/31L,HIO
HRI,HERMISTON MUNI,OR,45.82822222,-119.25916666,644.4,NON-ATCT,05/23,HRI
LMT,CRATER LAKE/KLAMATH RGNL,OR,42.15614305,-121.733365,4095.4,ATCT-RAPCON,08/26|14/32,LMT
MFR,ROGUE VALLEY INTL/MEDFORD,OR,42.37496472,-122.8732875,1335.3,ATCT,14/32,MFR
MMV,MC MINNVILLE MUNI,OR,45.19454805,-123.13606777,162.6,NON-ATCT,04/22|17/35,MMV
ONO,ONTARIO MUNI,OR,44.01936111,-117.01302777,2193.3,NON-ATCT,15/33,ONO
PDT,EASTERN OREGON RGNL AT PENDLETON,OR,45.69509555,-118.84336888,1494.0,ATCT,08/26|11/29,PDT
PDX,PORTLAND INTL,OR,45.58870886,-122.59686941,30.8,ATCT,03/21|10L/28R|10R/28L,PDX
RBG,ROSEBURG RGNL,OR,43.23933527,-123.3558525,533.4,NON-ATCT,16/34,RBG
RDM,ROBERTS FLD/REDMOND MUNI,OR,44.25406888,-121.14997138,3081.5,ATCT,05/23|11/29,RDM
SLE,MCNARY FLD,OR,44.90952777,-123.0025,213.4,ATCT,13/31|16/34,SLE
SPB,SCAPPOOSE,OR,45.77102777,-122.86183333,58.1,NON-ATCT,15/33,SPB
TTD,PORTLAND-TROUTDALE,OR,45.54936111,-122.40125,38.9,ATCT,07/25,TTD
UAO,AURORA STATE,OR,45.24712638,-122.77004694,199.6,ATCT,17/35,UAO
ABE,LEHIGH VALLEY INTL,PA,40.65236277,-75.44040583,393.7,ATCT-TRACON,06/24|13/31,ABE
AGC,ALLEGHENY COUNTY,PA,40.35443763,-79.92904666,1251.5,ATCT,10/28|13/31,AGC
AOO,ALTOONA/BLAIR COUNTY,PA,40.29636111,-78.32002777,1503.4,NON-ATCT,03/21|12/30,AOO
AVP,WILKES-BARRE/SCRANTON INTL,PA,41.33847222,-75.72338888,961.7,ATCT-TRACON,04/22|10/28,AVP
BFD,BRADFORD RGNL,PA,41.80295433,-78.63996597,2143.1,NON-ATCT,05/23|14/32,BFD
CXY,CAPITAL CITY,PA,40.21713888,-76.85136111,346.7,ATCT,08/26|12/30,CXY
DUJ,DUBOIS RGNL,PA,41.17827777,-78.89869444,1816.8,NON-ATCT,07/25,DUJ
DYL,DOYLESTOWN,PA,40.33306416,-75.12233472,393.5,NON-ATCT,05/23,DYL
ERI,ERIE INTL/TOM RIDGE FLD,PA,42.08308333,-80.17394444,732.1,ATCT,02/20|06/24,ERI
FIG,CLEARFIELD-LAWRENCE,PA,41.04913361,-78.41515791,1516.2,NON-ATCT,12/30,FIG
GKJ,PORT MEADVILLE,PA,41.62652777,-80.21472222,1399.4,NON-ATCT,07/25,GKJ
IPT,WILLIAMSPORT RGNL,PA,41.24166666,-76.92180555,528.1,ATCT,09/27|12/30,IPT
JST,JOHN MURTHA JOHNSTOWN/CAMBRIA COUNTY,PA,40.31555555,-78.83466666,2284.2,ATCT-RAPCON,05/23|15/33,JST
LNS,LANCASTER,PA,40.12236111,-76.29436111,402.6,ATCT,08/26|13/31,LNS
MDT,HARRISBURG INTL,PA,40.19319166,-76.76261916,310.0,ATCT-TRACON,13/31,MDT
MPO,POCONO MOUNTAINS RGNL,PA,41.13769444,-75.38005555,1915.2,NON-ATCT,05/23|13/31,MPO
PHL,PHILADELPHIA INTL,PA,39.87208388,-75.24066305,35.9,ATCT-TRACON,08/26|09L/27R|09R/27L|17/35,PHL
PIT,PITTSBURGH INTL,PA,40.49141666,-80.23269444,1202.9,ATCT-TRACON,10C/28C|10L/28R|10R/28L|14/32,PIT
PNE,NORTHEAST PHILADELPHIA,PA,40.08193833,-75.01057777,119.8,ATCT,06/24|15/33,PNE
PTW,HERITAGE FLD,PA,40.23955555,-75.55672222,308.2,NON-ATCT,10/28,PTW
RDG,READING RGNL/CARL A SPAATZ FLD,PA,40.37849861,-75.96524722,343.4,ATCT,13/31|18/36,RDG
SEG,PENN VALLEY,PA,40.82123472,-76.86417222,463.5,NON-ATCT,17/35,SEG
THV,YORK,PA,39.917,-76.87302777,494.7,NON-ATCT,17/35,THV
UNV,STATE COLLEGE RGNL,PA,40.85,-77.84758333,1231.3,ATCT,06/24,UNV
PVD,RHODE ISLAND TF GREEN INTL,RI,41.72233333,-71.42772222,54.0,ATCT-TRACON,05/23|16/34,PVD
UUU,NEWPORT STATE,RI,41.53243975,-71.28154394,171.8,NON-ATCT,04/22|16/34,UUU
WST,WESTERLY STATE,RI,41.34963297,-71.80341683,81.1,NON-ATCT,07/25|14/32,WST
AND,ANDERSON RGNL,SC,34.49458666,-82.70938138,781.9,NON-ATCT,05/23|17/35,AND
CAE,COLUMBIA METRO,SC,33.93883805,-81.11953555,235.9,ATCT-TRACON,05/23|11/29,CAE
CEU,OCONEE COUNTY RGNL,SC,34.67222694,-82.88589666,890.6,NON-ATCT,07/25,CEU
CHS,CHARLESTON AFB/INTL,SC,32.89863888,-80.04052777,46.0,ATCT-TRACON,03/21|15/33,CHS
CRE,GRAND STRAND,SC,33.81175,-78.72394444,31.6,ATCT,05/23,CRE
CUB,JIM HAMILTON L B OWENS,SC,33.97047222,-80.99525,193.4,NON-ATCT,13/31,CUB
FLO,FLORENCE RGNL,SC,34.18536333,-79.72388305,146.6,ATCT-TRACON,01/19|09/27,FLO
GMU,GREENVILLE DOWNTOWN,SC,34.84793166,-82.34999805,1048.0,ATCT,01/19|10/28,GMU
GRD,GREENWOOD COUNTY,SC,34.25039375,-82.15780933,631.2,NON-ATCT,05/23|09/27,GRD
GSP,GREENVILLE SPARTANBURG INTL,SC,34.89567111,-82.21885944,963.6,ATCT-TRACON,04/22,GSP
OGB,ORANGEBURG MUNI,SC,33.4569178,-80.85940666,195.4,NON-ATCT,05/23|17/35,OGB
UZA,ROCK HILL/YORK COUNTY/BRYANT FLD,SC,34.98783333,-81.05716666,666.3,NON-ATCT,02/20,UZA
ABR,ABERDEEN RGNL,SD,45.44679805,-98.42244083,1301.9,NON-ATCT,13/31|17/35,ABR
ATY,WATERTOWN RGNL,SD,44.91397222,-97.15472222,1749.3,NON-ATCT,12/30|17/35,ATY
CUT,CUSTER COUNTY,SD,43.73366055,-103.61949833,5619.7,NON-ATCT,08/26,CUT
FSD,JOE FOSS FLD,SD,43.58201805,-96.74192527,1430.0,ATCT-TRACON,03/21|09/27|15/33,FSD
HON,HURON RGNL,SD,44.38519444,-98.22855555,1288.7,NON-ATCT,12/30|18/36,HON
ICR,WINNER RGNL,SD,43.38948466,-99.84121441,2032.3,NON-ATCT,13/31,ICR
IEN,PINE RIDGE,SD,43.02127372,-102.50660641,3332.5,NON-ATCT,12/30,IEN
MBG,MOBRIDGE MUNI,SD,45.54628361,-100.40627027,1716.1,NON-ATCT,12/30,MBG
MHE,MITCHELL MUNI,SD,43.77482194,-98.03861527,1304.4,NON-ATCT,13/31|18/36,MHE
PHP,PHILIP,SD,44.04873063,-101.59884047,2209.2,NON-ATCT,12/30,PHP
PIR,PIERRE RGNL,SD,44.38268694,-100.28597527,1744.3,NON-ATCT,07/25|13/31,PIR
RAP,RAPID CITY RGNL,SD,44.04533333,-103.05736111,3203.5,ATCT,05/23|14/32,RAP
BNA,NASHVILLE INTL,TN,36.12447527,-86.67818055,599.0,ATCT-TRACON,02C/20C|02L/20R|02R/20L|13/31,BNA
CHA,LOVELL FLD,TN,35.03519444,-85.20355555,682.5,ATCT-TRACON,02/20|15/33,CHA
CKV,OUTLAW FLD,TN,36.621865,-87.41494777,549.9,NON-ATCT,05/23|17/35,CKV
CSV,CROSSVILLE MEML-WHITSON FLD,TN,35.95129138,-85.08497722,1881.7,NON-ATCT,08/26,CSV
MEM,FREDERICK W SMITH INTL/MEMPHIS,TN,35.04241138,-89.97667916,340.9,ATCT,09/27|18C/36C|18L/36R|18R/36L,MEM
MKL,JACKSON RGNL,TN,35.59987972,-88.91561194,434.8,ATCT,02/20|11/29,MKL
TRI,TRI-CITIES,TN,36.47520888,-82.407415,1518.6,ATCT-TRACON,05/23|09/27,TRI
TYS,MC GHEE TYSON,TN,35.81109111,-83.99406722,986.4,ATCT-TRACON,05L/23R|05R/23L,TYS
ABI,ABILENE RGNL,TX,32.41133333,-99.68188888,1790.6,ATCT-TRACON,17L/35R|17R/35L,ABI
ACT,WACO RGNL,TX,31.61219444,-97.23030555,516.1,ATCT-TRACON,01/19|14/32,ACT
AFW,PEROT FLD/FORT WORTH ALLIANCE,TX,32.99030666,-97.31942944,723.2,ATCT,16L/34R|16R/34L,AFW
ALI,ALICE INTL,TX,27.74088888,-98.02694444,178.2,NON-ATCT,13/31|17/35,ALI
AMA,RICK HUSBAND AMARILLO INTL,TX,35.21936111,-101.70591666,3606.7,ATCT-TRACON,04/22|13/31,AMA
AUS,AUSTIN-BERGSTROM INTL,TX,30.19452722,-97.66987611,541.5,ATCT-TRACON,18L/36R|18R/36L,AUS
BAZ,NEW BRAUNFELS NTL,TX,29.70575,-98.04322222,658.4,ATCT,13/31|17/35,BAZ
BGD,HUTCHINSON COUNTY,TX,35.70088888,-101.39366666,3055.2,NON-ATCT,03/21|17/35,BGD
BMQ,BURNET MUNI/KATE CRADDOCK FLD,TX,30.73892722,-98.23861027,1283.4,NON-ATCT,01/19,BMQ
BPT,JACK BROOKS RGNL,TX,29.95083111,-94.02069888,14.8,ATCT,12/30|16/34,BPT
BRO,BROWNSVILLE/SOUTH PADRE ISLAND INTL,TX,25.90613888,-97.426,22.4,ATCT,13/31|18/36,BRO
CDS,CHILDRESS MUNI,TX,34.43377777,-100.288,1953.8,NON-ATCT,04/22|18/36,CDS
CLL,EASTERWOOD FLD,TX,30.58804188,-96.36254444,320.6,ATCT,11/29|17/35,CLL
COT,COTULLA-LA SALLE COUNTY,TX,28.45572222,-99.21722222,474.3,NON-ATCT,13/31,COT
CRP,CORPUS CHRISTI INTL,TX,27.77218166,-97.50242194,46.2,ATCT-TRACON,13/31|18/36,CRP
CRS,C DAVID CAMPBELL FLD-CORSICANA MUNI,TX,32.02805555,-96.40058333,448.6,NON-ATCT,14/32,CRS
CXO,CONROE/NORTH HOUSTON RGNL,TX,30.35339552,-95.41508194,244.8,ATCT,01/19|14/32,CXO
DAL,DALLAS LOVE FLD,TX,32.84594472,-96.85087666,486.9,ATCT,13L/31R|13R/31L,DAL
DFW,DALLAS-FORT WORTH INTL,TX,32.89723305,-97.03769472,606.4,ATCT,13L/31R|13R/31L|17C/35C|17L/35R|17R/35L|18L/36R|18R/36L,DFW
DHT,DALHART MUNI,TX,36.02247222,-102.54738888,3991.1,NON-ATCT,03/21|17/35,DHT
DRT,DEL RIO INTL,TX,29.37420694,-100.92715694,1002.2,NON-ATCT,13/31,DRT
DTO,DENTON ENTERPRISE,TX,33.20196055,-97.1990975,642.8,ATCT,18L/36R|18R/36L,DTO
DWH,DAVID WAYNE HOOKS MEML,TX,30.06177911,-95.55278841,152.4,ATCT,17L/35R|17R/35L,DWH
ELP,EL PASO INTL,TX,31.80733333,-106.37636111,3961.6,ATCT-TRACON,04/22|08L/26R|08R/26L,ELP
FST,FORT STOCKTON-PECOS COUNTY,TX,30.91525,-102.91277777,3011.0,NON-ATCT,03/21|12/30,FST
FTW,FORT WORTH MEACHAM INTL,TX,32.81977027,-97.36245,710.1,ATCT,16/34|17/35,FTW
GGG,EAST TEXAS RGNL,TX,32.384,-94.7115,365.5,ATCT-TRACON,13/31|18/36,GGG
GKY,ARLINGTON MUNI,TX,32.66387111,-97.09428055,628.3,ATCT,16/34,GKY
GLS,SCHOLES INTL AT GALVESTON,TX,29.26533333,-94.86041666,5.6,ATCT,14/32|18/36,GLS
HDO,HONDO RGNL,TX,29.35913055,-99.17749166,930.1,NON-ATCT,08/26|13/31|17L/35R|17R/35L,HDO
HOU,WILLIAM P HOBBY,TX,29.64579983,-95.27723158,46.3,ATCT,04/22|13L/31R|13R/31L,HOU
HRL,VALLEY INTL,TX,26.22655944,-97.65531194,36.3,ATCT,13/31|18L/36R|18R/36L,HRL
IAH,GEORGE BUSH INTCNTL/HOUSTON,TX,29.98443527,-95.3414425,95.8,ATCT,08L/26R|08R/26L|09/27|15L/33R|15R/33L,IAH
INK,WINKLER COUNTY,TX,31.77980555,-103.20169444,2821.6,NON-ATCT,04/22|13/31,INK
JCT,KIMBLE COUNTY,TX,30.51111111,-99.76288888,1753.6,NON-ATCT,17/35,JCT
LBB,LUBBOCK PRESTON SMITH INTL,TX,33.66366666,-101.82055555,3282.4,ATCT-TRACON,08/26|17L/35R|17R/35L,LBB
LBX,TEXAS GULF COAST RGNL,TX,29.10863888,-95.46208333,25.2,NON-ATCT,17/35,LBX
LFK,ANGELINA COUNTY,TX,31.23402777,-94.75,295.6,NON-ATCT,07/25|16/34,LFK
LVJ,PEARLAND RGNL,TX,29.52127777,-95.24213888,43.9,NON-ATCT,14/32,LVJ
MAF,MIDLAND INTL AIR AND SPACE PORT,TX,31.94252777,-102.20191666,2872.1,ATCT-TRACON,04/22|10/28|16L/34R|16R/34L,MAF
MFE,MC ALLEN INTL,TX,26.17583333,-98.23861111,107.2,ATCT,14/32|18/36,MFE
MWL,MINERAL WELLS RGNL,TX,32.78160555,-98.060175,973.6,NON-ATCT,13/31|17/35,MWL
ODO,ODESSA-SCHLEMEYER FLD,TX,31.92141516,-102.38713286,3003.6,NON-ATCT,02/20|11/29|16/34,ODO
PIL,CAMERON COUNTY,TX,26.16619444,-97.34588888,18.6,NON-ATCT,03/21|08/26|13/31|17/35,PIL
PSX,PALACIOS MUNI,TX,28.7275,-96.25094444,14.1,NON-ATCT,08/26|13/31|18/36,PSX
RBD,DALLAS EXEC,TX,32.68130555,-96.86877777,660.5,ATCT,13/31|17/35,RBD
RKP,ARANSAS COUNTY,TX,28.08622222,-97.04369444,23.8,NON-ATCT,14/32|18/36,RKP
SAT,SAN ANTONIO INTL,TX,29.53395833,-98.46905694,809.1,ATCT-TRACON,04/22|13L/31R|13R/31L,SAT
SGR,SUGAR LAND RGNL,TX,29.62224861,-95.65653416,81.1,ATCT,17/35,SGR
SJT,SAN ANGELO RGNL/MATHIS FLD,TX,31.35774833,-100.49630416,1918.6,ATCT,03/21|09/27|18/36,SJT
SPS,SHEPPARD AFB/WICHITA FALLS MUNI,TX,33.9888,-98.49190555,1019.1,ATCT-RAPCON,15C/33C|15L/33R|15R/33L|18/36,SPS
SSF,STINSON MUNI,TX,29.33698138,-98.47104444,577.6,ATCT,10/28|14/32,SSF
TKI,MCKINNEY NTL,TX,33.17706527,-96.58876666,588.9,ATCT,18/36,TKI
TRL,TERRELL MUNI,TX,32.70849444,-96.26709444,474.2,NON-ATCT,18/36,TRL
TYR,TYLER POUNDS RGNL,TX,32.35354722,-95.40297777,543.9,ATCT,04/22|13/31|18/36,TYR
UTS,HUNTSVILLE MUNI,TX,30.74688888,-95.58716666,362.9,NON-ATCT,18/36,UTS
VCT,VICTORIA RGNL,TX,28.85420555,-96.91873166,115.1,ATCT,13/31|18/36,VCT
BCE,BRYCE CANYON,UT,37.70644694,-112.14579972,7589.9,NON-ATCT,03/21,BCE
CDC,CEDAR CITY RGNL,UT,37.70097,-113.09885083,5622.3,NON-ATCT,02/20|08/26,CDC
CNY,CANYONLANDS RGNL,UT,38.75763083,-109.7534625,4579.2,NON-ATCT,03/21,CNY
LGU,LOGAN-CACHE,UT,41.79177055,-111.85164722,4456.9,NON-ATCT,10/28|17/35,LGU
MLF,MILFORD MUNI/BEN AND JUDY BRISCOE FLD,UT,38.42663558,-113.013274,5042.2,NON-ATCT,16/34,MLF
OGD,OGDEN-HINCKLEY,UT,41.19507036,-112.01219472,4472.5,ATCT,03/21|17/35,OGD
PUC,CARBON COUNTY RGNL/BUCK DAVIS FLD,UT,39.61388888,-110.75161111,5957.6,NON-ATCT,01/19|08/26|15/33,PUC
SLC,SALT LAKE CITY INTL,UT,40.78839333,-111.97777333,4230.9,ATCT,14/32|16L/34R|16R/34L|17/35,SLC
VEL,VERNAL RGNL,UT,40.43607777,-109.5114225,5274.2,NON-ATCT,17/35,VEL
AKQ,WAKEFIELD MUNI,VA,36.9872128,-77.00112886,111.4,NON-ATCT,03/21,AKQ
BKT,ALLAN C PERKINSON/BLACKSTONE AAF,VA,37.07473758,-77.95181216,437.4,ATCT,04/22,BKT
CHO,CHARLOTTESVILLE-ALBEMARLE,VA,38.13964277,-78.45234416,640.1,ATCT,03/21,CHO
DAN,DANVILLE RGNL,VA,36.57247222,-79.33625,571.1,NON-ATCT,02/20|13/31,DAN
LYH,LYNCHBURG RGNL/PRESTON GLENN FLD,VA,37.32538888,-79.20122222,938.2,ATCT,04/22|17/35,LYH
OFP,HANOVER COUNTY MUNI,VA,37.70893805,-77.43663777,206.8,NON-ATCT,16/34,OFP
ORF,NORFOLK INTL,VA,36.89563055,-76.19886527,26.2,ATCT-TRACON,05/23,ORF
PHF,NEWPORT NEWS/WILLIAMSBURG INTL,VA,37.13188888,-76.49297222,42.2,ATCT,02/20|07/25,PHF
RIC,RICHMOND INTL,VA,37.50518111,-77.31973861,167.5,ATCT,02/20|16/34,RIC
ROA,ROANOKE/BLACKSBURG RGNL (WOODRUM FLD),VA,37.32547222,-79.97541666,1175.2,ATCT-TRACON,06/24|16/34,ROA
BTV,PATRICK LEAHY BURLINGTON INTL,VT,44.471955,-73.15327611,334.6,ATCT-TRACON,01/19|15/33,BTV
DDH,WILLIAM H MORSE STATE,VT,42.89133027,-73.24640388,826.6,NON-ATCT,13/31,DDH
MPV,EDWARD F KNAPP STATE,VT,44.20348916,-72.56209638,1165.6,NON-ATCT,05/23|17/35,MPV
MVL,MORRISVILLE-STOWE STATE,VT,44.53435472,-72.61399194,732.9,NON-ATCT,01/19,MVL
VSF,HARTNESS STATE (SPRINGFIELD),VT,43.34372222,-72.51727777,577.5,NON-ATCT,05/23|11/29,VSF
ALW,WALLA WALLA RGNL,WA,46.09254166,-118.2840825,1194.4,ATCT,02/20,ALW
BFI,BOEING FLD/KING COUNTY INTL,WA,47.52997222,-122.30194444,21.6,ATCT,14L/32R|14R/32L,BFI
BLI,BELLINGHAM INTL,WA,48.79269444,-122.53752777,171.0,ATCT,16/34,BLI
CLM,WILLIAM R FAIRCHILD INTL,WA,48.12019444,-123.49969444,291.3,NON-ATCT,09/27|13/31,CLM
DEW,DEER PARK,WA,47.96705472,-117.42858666,2210.7,NON-ATCT,05/23|16/34,DEW
EAT,PANGBORN MEML,WA,47.39880555,-120.20683333,1248.9,NON-ATCT,12/30,EAT
ELN,BOWERS FLD,WA,47.0348455,-120.52885913,1763.2,NON-ATCT,11/29,ELN
EPH,EPHRATA MUNI,WA,47.30807166,-119.51691361,1276.2,NON-ATCT,03/21|04/22|11/29,EPH
FHR,FRIDAY HARBOR,WA,48.52197222,-123.02436111,112.7,NON-ATCT,16/34,FHR
GEG,SPOKANE INTL,WA,47.61902777,-117.53522222,2385.0,ATCT-TRACON,03/21|08/26,GEG
HQM,BOWERMAN FLD,WA,46.97119444,-123.93655555,17.8,NON-ATCT,06/24,HQM
MWH,GRANT COUNTY INTL,WA,47.20858333,-119.31913888,1188.6,ATCT-TRACON,04/22|09/27|14L/32R|14R/32L|18/36,MWH
OLM,OLYMPIA RGNL,WA,46.96940444,-122.90254472,207.8,ATCT,08/26|17/35,OLM
OMK,OMAK,WA,48.46441222,-119.51805138,1304.5,NON-ATCT,17/35,OMK
PAE,SEATTLE PAINE FLD INTL,WA,47.90505527,-122.28135138,606.9,ATCT,16L/34R|16R/34L,PAE
PSC,TRI-CITIES,WA,46.26494833,-119.1194,410.3,ATCT,03L/21R|03R/21L|12/30,PSC
PUW,PULLMAN/MOSCOW RGNL,WA,46.74169138,-117.11161916,2566.6,NON-ATCT,05/23,PUW
RNT,RENTON MUNI,WA,47.49313888,-122.21575,32.0,ATCT,16/34,RNT
SEA,SEATTLE-TACOMA INTL,WA,47.44988888,-122.31177777,432.3,ATCT,16C/34C|16L/34R|16R/34L,SEA
SFF,FELTS FLD,WA,47.68294055,-117.32242611,1956.7,ATCT,04L/22R|04R/22L,SFF
SHN,SANDERSON FLD,WA,47.23355555,-123.14755555,272.9,NON-ATCT,05/23,SHN
TIW,TACOMA NARROWS,WA,47.26794444,-122.57811111,294.8,ATCT,17/35,TIW
UIL,QUILLAYUTE,WA,47.93658027,-124.56261583,194.1,NON-ATCT,04/22,UIL
VUO,PEARSON FLD,WA,45.6204525,-122.65648833,28.6,NON-ATCT,08/26,VUO
YKM,YAKIMA AIR TRML/MCALLISTER FLD,WA,46.56816722,-120.5440625,1098.8,ATCT,04/22|09/27,YKM
ASX,JOHN F KENNEDY MEML,WI,46.54852777,-90.91897222,826.5,NON-ATCT,02/20|13/31,ASX
AUW,WAUSAU DOWNTOWN,WI,44.92628452,-89.62700175,1201.0,NON-ATCT,05/23|13/31,AUW
CMY,SPARTA/FORT MC COY,WI,43.95871611,-90.73784138,839.4,ATCT,02/20|11/29,CMY
EAU,CHIPPEWA VALLEY RGNL,WI,44.86580555,-91.48425,913.1,ATCT,04/22|14/32,EAU
ENW,KENOSHA RGNL,WI,42.59606333,-87.92732361,742.6,ATCT,07L/25R|07R/25L|15/33,ENW
FLD,FOND DU LAC COUNTY,WI,43.77117416,-88.48841797,808.6,NON-ATCT,09/27|18/36,FLD
GRB,GREEN BAY/AUSTIN STRAUBEL INTL,WI,44.48463361,-88.12971333,695.1,ATCT-TRACON,06/24|18/36,GRB
HYR,SAWYER COUNTY,WI,46.02526694,-91.44426138,1215.9,NON-ATCT,03/21,HYR
ISW,ALEXANDER FLD SOUTH WOOD COUNTY,WI,44.36035555,-89.83904333,1021.2,NON-ATCT,02/20|12/30,ISW
LNR,TRI-COUNTY RGNL,WI,43.21186111,-90.17983333,717.3,NON-ATCT,09/27,LNR
LSE,LA CROSSE RGNL,WI,43.87926566,-91.25663361,655.4,ATCT,04/22|13/31|18/36,LSE
MFI,MARSHFIELD MUNI,WI,44.63689222,-90.1893175,1277.8,NON-ATCT,05/23|16/34,MFI
MKE,GENERAL MITCHELL INTL,WI,42.94693194,-87.89706444,728.4,ATCT-TRACON,01L/19R|01R/19L|07L/25R|07R/25L|13/31,MKE
MSN,DANE COUNTY RGNL/TRUAX FLD,WI,43.13987913,-89.33750447,886.6,ATCT-TRACON,03/21|14/32|18/36,MSN
OSH,WITTMAN RGNL,WI,43.98437083,-88.5570425,808.5,ATCT,05/23|09/27|13/31|18/36,OSH
OVS,BOSCOBEL,WI,43.16080666,-90.67397722,672.6,NON-ATCT,02/20|07/25,OVS
RAC,BATTEN INTL,WI,42.76118027,-87.81390944,673.6,NON-ATCT,04/22|14/32,RAC
RHI,RHINELANDER/ONEIDA COUNTY,WI,45.63090055,-89.46662777,1623.3,NON-ATCT,09/27|15/33,RHI
SBM,SHEBOYGAN COUNTY MEML INTL,WI,43.76976972,-87.85172194,755.3,NON-ATCT,04/22|13/31,SBM
BKW,RALEIGH COUNTY MEML,WV,37.78733333,-81.12416666,2503.8,NON-ATCT,01/19|10/28,BKW
BLF,MERCER COUNTY,WV,37.2959475,-81.20751833,2856.8,NON-ATCT,05/23,BLF
CKB,NORTH CENTRAL WEST VIRGINIA,WV,39.29765472,-80.22753194,1223.5,ATCT-TRACON,03/21,CKB
CRW,WEST VIRGINIA INTL YEAGER,WV,38.37601305,-81.59289361,947.1,ATCT-TRACON,05/23,CRW
EKN,ELKINS/RANDOLPH COUNTY (JENNINGS RANDOLPH FLD),WV,38.88944444,-79.85713888,1987.2,NON-ATCT,05/23|14/32,EKN
HLG,WHEELING OHIO COUNTY,WV,40.17501138,-80.64626833,1194.3,ATCT,03/21|16/34,HLG
HTS,TRI-STATE/MILTON J FERGUSON FLD,WV,38.3685078,-82.56036022,828.3,ATCT-TRACON,12/30,HTS
MGW,MORGANTOWN MUNI/WALTER L BILL HART FLD,WV,39.64359527,-79.91754666,1243.8,ATCT,18/36,MGW
MRB,EASTERN WV RGNL/SHEPHERD FLD,WV,39.40235777,-77.983,564.8,ATCT,08/26,MRB
PKB,MID-OHIO VALLEY RGNL,WV,39.34496194,-81.43929305,858.5,ATCT,03/21|10/28,PKB
BPI,MILEY MEML FLD,WY,42.58222222,-110.10886111,6993.6,NON-ATCT,14/32,BPI
BYG,JOHNSON COUNTY,WY,44.38108333,-106.72180555,4970.0,NON-ATCT,13/31,BYG
CPR,CASPER/NATRONA COUNTY INTL,WY,42.90587472,-106.46364861,5344.0,ATCT-TRACON,03/21|08/26,CPR
CYS,CHEYENNE RGNL/JERRY OLSON FLD,WY,41.15563888,-104.81047222,6159.9,ATCT-RAPCON,09/27|13/31,CYS
DGW,CONVERSE COUNTY,WY,42.79719444,-105.38583333,4932.7,NON-ATCT,11/29,DGW
EVW,EVANSTON-UINTA COUNTY BURNS FLD,WY,41.27479111,-111.03463055,7142.7,NON-ATCT,05/23,EVW
GCC,NORTHEAST WYOMING RGNL,WY,44.34890805,-105.5393675,4365.1,NON-ATCT,03/21|16/34,GCC
GEY,SOUTH BIG HORN COUNTY,WY,44.51794444,-108.083,3941.8,NON-ATCT,08/26|16/34,GEY
LAR,LARAMIE RGNL,WY,41.31205722,-105.67498555,7283.7,NON-ATCT,03/21|12/30,LAR
LND,HUNT FLD,WY,42.81538472,-108.72856305,5588.9,NON-ATCT,04/22,LND
RIW,CENTRAL WYOMING RGNL,WY,43.06423833,-108.45984083,5516.0,NON-ATCT,01/19|10/28,RIW
RWL,RAWLINS MUNI/HARVEY FLD,WY,41.80572222,-107.20033333,6816.7,NON-ATCT,04/22|11/29,RWL
SHR,SHERIDAN COUNTY,WY,44.76919444,-106.98027777,4021.1,NON-ATCT,06/24|15/33,SHR
TOR,TORRINGTON MUNI,WY,42.06442138,-104.15267944,4206.9,NON-ATCT,02/20|10/28,TOR
WRL,WORLAND MUNI,WY,43.96288888,-107.95052777,4251.7,NON-ATCT,16/34,WRL
