table,key,value,band,n,median,p90,p99,share_gt1,share_gt2,median_lo,median_hi,share_gt2_lo,share_gt2_hi
"Piston, crosswind",xw_kt,s,0-5,122151,1.19,2.819,7.7955000000000005,0.6315871339571514,0.19006803055234914,1.172,1.211,0.182357753996755,0.1995885819974819
"Piston, crosswind",xw_kt,s,5-10,37120,1.23,2.9610999999999983,7.79752999999997,0.654364224137931,0.20563038793103447,1.206,1.249525,0.19630078085262792,0.2149368443874282
"Piston, crosswind",xw_kt,s,10-15,3562,1.2965,2.8648000000000002,7.370839999999993,0.7026951151038743,0.22346996069623806,1.2607374999999998,1.345525,0.2048741793222156,0.24276386604362774
"Piston, crosswind",xw_kt,s,15+,137,1.572,3.8302000000000005,20.732239999999955,0.7883211678832117,0.3357664233576642,1.281,1.8858125,0.21355172413793105,0.46452987791818356
"Jets (floor), crosswind",xw_kt,s,0-5,26807,0.67,1.583,3.115939999999999,0.25623904204125786,0.054761815943596824,0.654,0.688,0.051231940458086815,0.05856315063949135
"Jets (floor), crosswind",xw_kt,s,5-10,9331,0.678,1.433,2.8284000000000087,0.23105776444111029,0.03922409173722002,0.66,0.694525,0.03477503617297509,0.04372825643564862
"Jets (floor), crosswind",xw_kt,s,10-15,1409,0.717,1.3396000000000001,2.5111200000000022,0.23349893541518807,0.0269694819020582,0.6864750000000001,0.738,0.018608776084060974,0.036247914580429766
"Jets (floor), crosswind",xw_kt,s,15+,130,0.758,1.4853000000000007,2.2337199999999973,0.27692307692307694,0.015384615384615385,0.674,0.873,0.0,0.035932669185846755
"Piston, crosswind as a fraction of POH max demonstrated",frac,s,0-0.25,99292,1.175,2.712,7.500179999999993,0.6236655521089313,0.1812129879547194,1.1572375,1.196,0.17335844414889354,0.19022070263342394
"Piston, crosswind as a fraction of POH max demonstrated",frac,s,0.25-0.5,41573,1.208,2.894,7.642279999999999,0.6463089024126236,0.19637745652226204,1.187,1.233,0.18651333975037088,0.2065236543560879
"Piston, crosswind as a fraction of POH max demonstrated",frac,s,0.5-0.75,8994,1.2725,2.9627,7.904219999999986,0.6835668223259951,0.2146986880142317,1.2426875,1.303,0.20218511334664882,0.22971351340753332
"Piston, crosswind as a fraction of POH max demonstrated",frac,s,0.75+,947,1.41,3.1794,7.8082599999999935,0.7497360084477297,0.2481520591341077,1.3119,1.4817875,0.21606633022527352,0.2877518272113943
"Piston, gust spread",gust_spread,s,0-0.5,39571,1.195,2.873,7.775200000000011,0.6339996462055546,0.19524399181218569,1.175,1.218,0.18637140722109513,0.20556796446742984
"Piston, gust spread",gust_spread,s,0.5-5,98089,1.198,2.879,7.908119999999996,0.6357287769270764,0.19554690128352822,1.183,1.220525,0.18788712967149335,0.20445893360580428
"Piston, gust spread",gust_spread,s,5-10,23351,1.216,2.762,7.2625,0.6534623784848614,0.19005610038114,1.196,1.237,0.18019361105167753,0.20063497615433862
"Piston, gust spread",gust_spread,s,10+,2350,1.245,2.4732,6.747299999999993,0.6685106382978724,0.17574468085106382,1.201,1.283525,0.15621120971818264,0.19446237804348454
"Jets (floor), gust spread",gust_spread,s,0-0.5,10009,0.687,1.685,3.1605200000000004,0.2815466080527525,0.06394245179338595,0.67,0.702,0.05776919038492545,0.0695014980805529
"Jets (floor), gust spread",gust_spread,s,0.5-5,18856,0.66,1.526,3.0929000000000015,0.23849172677131947,0.05001060670343657,0.644,0.679525,0.045962679150755505,0.054244263153002445
"Jets (floor), gust spread",gust_spread,s,5-10,7411,0.687,1.376,2.7492999999999976,0.23397652138712724,0.03413844285521522,0.668475,0.706,0.02933365237351086,0.03910864372340175
"Jets (floor), gust spread",gust_spread,s,10+,1446,0.715,1.327,2.4454499999999926,0.2392807745504841,0.02627939142461964,0.679475,0.751,0.0178174519172614,0.03633914813999559
"Piston, headwind (negative = tailwind)",hw_kt,s,<0,14056,1.334,3.5404999999999998,8.772850000000009,0.703827546955037,0.2528457598178714,1.3067125000000002,1.372,0.24020846144952895,0.2666219953867993
"Piston, headwind (negative = tailwind)",hw_kt,s,0-5,66614,1.227,3.063,8.206739999999991,0.6476266250337767,0.2117422763983547,1.205,1.252,0.20230837094675955,0.2217764280678032
"Piston, headwind (negative = tailwind)",hw_kt,s,5-10,64794,1.1604999999999999,2.638,7.24207,0.6170170077476309,0.1733956847856283,1.142475,1.181525,0.16601923032334243,0.18182938380858585
"Piston, headwind (negative = tailwind)",hw_kt,s,10-15,16442,1.161,2.4579,6.666140000000007,0.6258970928110935,0.15770587519766452,1.1392375,1.183,0.14654787137046846,0.16880986959514915
"Piston, headwind (negative = tailwind)",hw_kt,s,15+,1064,1.2534999999999998,2.555100000000001,5.940699999999999,0.7011278195488722,0.19266917293233082,1.206475,1.31605,0.15969951409135083,0.22574703607699825
