group,bin_lo,bin_mid,hours,activity,lo,hi
piston,0,1,11015,1.0870490780121607,1.0660843906891393,1.1067568757547748
piston,2,3,9129,1.0232434265263564,1.001025519359046,1.0460222999217623
piston,4,5,4563,0.9652097057359333,0.9369750301227049,0.994604143124447
piston,6,7,2426,0.821101246861327,0.7757587608483587,0.8592588448252348
piston,8,9,1200,0.6807579504007533,0.6308479490171947,0.7401201240646522
piston,10,11,550,0.4778372651305855,0.4094847363101427,0.549351666896561
piston,12,13,157,0.341344746461264,0.248990023791319,0.4435436162570529
piston,14,15,68,0.10232632030179077,0.043136056044184495,0.18636181783584513
piston,16,17,12,0.24036787757130043,0.0,0.5064891617679813
piston,18,19,7,0.36204239014932144,0.0,0.7244849817626562
piston,20,21,3,0.0,0.0,0.0
fleet,0,1,11012,1.0908755159445023,1.0681718951954207,1.1148600729362008
fleet,2,3,9124,1.0166878087227003,0.9917939383613056,1.0443831843554603
fleet,4,5,4558,0.9678717101626759,0.9312401149535359,1.0050127596391933
fleet,6,7,2424,0.8261893967758064,0.7781041733166498,0.8760742414902912
fleet,8,9,1197,0.653481912313288,0.5938434670990616,0.7152266047570883
fleet,10,11,549,0.42310019758151823,0.34911535931708154,0.4997938150271098
fleet,12,13,157,0.27541025154214593,0.18284745223215795,0.37684658004437427
fleet,14,15,68,0.056097837986422865,0.01496876574706737,0.11186971049638564
fleet,16,17,12,0.0,0.0,0.0
fleet,18,19,7,0.682001063824663,0.0,1.4670116429495472
fleet,20,21,3,0.0,0.0,0.0
private,0,1,11015,1.0822887947341997,1.0559521444785047,1.1080152833684898
private,2,3,9129,1.0321872487335233,1.0057393078127366,1.058722803922923
private,4,5,4563,0.9608050060406339,0.9248560863107107,0.9962086371148329
private,6,7,2426,0.8147557820772415,0.7697966275240739,0.8630685899964009
private,8,9,1200,0.7122046204940543,0.6463407909713985,0.7785223875710395
private,10,11,550,0.5402768708416655,0.4582342356678758,0.6259165207687319
private,12,13,157,0.41701607708633615,0.2975646057040423,0.5615138404928318
private,14,15,68,0.15661472754764674,0.05570990991929154,0.2895356717370845
private,16,17,12,0.4182346354230155,0.0,0.7646826464410561
private,18,19,7,0.1507825764299863,0.0,1.0015922581975976
private,20,21,3,0.0,0.0,0.0
