measure,bin_lo,bin_mid,n,share,lo,hi
overshoot_200,-14,-13,256,0.01953125,0.003983276380643434,0.037561140904001415
late_alignment,-14,-13,256,0.3828125,0.3246083600217536,0.44089640198511165
overshoot_200,-12,-11,1017,0.01376597836774828,0.007193439518752054,0.02094461052295462
late_alignment,-12,-11,1017,0.35693215339233036,0.3200842254099965,0.3962865473964608
overshoot_200,-10,-9,2880,0.02013888888888889,0.014972366088873248,0.02579299687852381
late_alignment,-10,-9,2880,0.3625,0.3355281681019882,0.38927454171956394
overshoot_200,-8,-7,6767,0.02822521058075957,0.02232268601822683,0.034665433293373425
late_alignment,-8,-7,6767,0.3457957736072115,0.329288240240172,0.36332174616313956
overshoot_200,-6,-5,11669,0.02450938383751821,0.02056496448743147,0.02831282672348024
late_alignment,-6,-5,11669,0.31922186991173196,0.30245957634341797,0.33635683038634673
overshoot_200,-4,-3,16890,0.031557134399052694,0.0279535955570435,0.03514124687463539
late_alignment,-4,-3,16890,0.30219064535227946,0.28635627155961196,0.31928604151883755
overshoot_200,-2,-1,21791,0.04038364462392731,0.03631703760231682,0.04444050453540097
late_alignment,-2,-1,21791,0.27676563718966546,0.26099330827485745,0.2932519080272673
overshoot_200,0,1,24447,0.04965844479895284,0.045716238211576214,0.05357722157986075
late_alignment,0,1,24447,0.2681310590256473,0.2519792972507311,0.2842788444167259
overshoot_200,2,3,14472,0.06377833056937535,0.05917659409821878,0.06846673934794052
late_alignment,2,3,14472,0.24129353233830847,0.22705098564536144,0.25744061791677947
overshoot_200,4,5,9186,0.08654474199869366,0.079947012278021,0.09363111321143605
late_alignment,4,5,9186,0.2398214674504681,0.22545805148546366,0.2546557563824429
overshoot_200,6,7,5115,0.10029325513196481,0.09049110024605879,0.10991145838710208
late_alignment,6,7,5115,0.24437927663734116,0.22819506434072287,0.26128429084886656
overshoot_200,8,9,2478,0.11541565778853914,0.10230198655296317,0.12971881622609613
late_alignment,8,9,2478,0.2570621468926554,0.2351953785360081,0.2805111835419802
overshoot_200,10,11,905,0.1270718232044199,0.10644936204146731,0.1503743128847065
late_alignment,10,11,905,0.20994475138121546,0.17976315418524783,0.2395959577633441
overshoot_200,12,13,250,0.196,0.14591840280794427,0.2546446420269642
late_alignment,12,13,250,0.3,0.23522089333658774,0.3652197978501524
