who,score,threshold,bin_lo,bin_mid,n,share,lo,hi
piston,S_fp,1,0,1,2137022,0.49537019272613947,0.4918082775132563,0.4988097723885851
piston,S_fp,2,0,1,2137022,0.17488308496590116,0.17217245322832353,0.17766546880117381
piston,S_fp,3,0,1,2137022,0.1074776020087767,0.10524433244108597,0.1095925244069142
piston,S_fp,1,2,3,1421703,0.4946293283477632,0.49125962924269684,0.498106299610912
piston,S_fp,2,2,3,1421703,0.17178412087475373,0.16883972808669284,0.1744826828662594
piston,S_fp,3,2,3,1421703,0.10541864229026737,0.10325094393429868,0.10756746514309706
piston,S_fp,1,4,5,869795,0.49281152455463645,0.4891831598088724,0.4961740851998947
piston,S_fp,2,4,5,869795,0.1647422668559833,0.16228101050137442,0.1675828125667743
piston,S_fp,3,4,5,869795,0.10066969803229496,0.09857634421777116,0.1028615893257986
piston,S_fp,1,6,7,462147,0.494665117376073,0.4910038634948805,0.49843787149614416
piston,S_fp,2,6,7,462147,0.1592112466379745,0.15639209323185344,0.16207824853205632
piston,S_fp,3,6,7,462147,0.09654503869980764,0.09429546544128828,0.09879870030906342
piston,S_fp,1,8,9,198655,0.5019254486421183,0.49747500975013165,0.5061355299224957
piston,S_fp,2,8,9,198655,0.16303641992398882,0.15959615825166099,0.16639235105251812
piston,S_fp,3,8,9,198655,0.10031461579119579,0.09758923122908492,0.10327806668839083
piston,S_fp,1,10,11,70569,0.5200158709915118,0.5141471562655396,0.52574590613723
piston,S_fp,2,10,11,70569,0.17273873797276423,0.16790389629101107,0.1774703868093396
piston,S_fp,3,10,11,70569,0.10779520752738454,0.1040532177442404,0.11168049720011917
piston,S_fp,1,12,13,21917,0.5268969293242688,0.5182253951990139,0.5355803235996773
piston,S_fp,2,12,13,21917,0.17338139343888306,0.16684364825595777,0.18004529224765636
piston,S_fp,3,12,13,21917,0.10731395720217184,0.10167676046786946,0.11317030618235119
piston,S_fp,1,14,15,6289,0.5458737478136428,0.5322423319617188,0.5585354509560311
piston,S_fp,2,14,15,6289,0.18158689775799014,0.16977096364761496,0.19245585410725335
piston,S_fp,3,14,15,6289,0.11559866433455239,0.10633261997651604,0.12484180749944931
piston,S_fp,1,16,17,1676,0.5805489260143198,0.55627544129645,0.6046605569704814
piston,S_fp,2,16,17,1676,0.21539379474940334,0.194020024356286,0.23859664703499422
piston,S_fp,3,16,17,1676,0.1324582338902148,0.11550042761438685,0.14997299196043132
piston,S_fp,1,18,19,469,0.5437100213219617,0.4947351587925036,0.5927524448282997
piston,S_fp,2,18,19,469,0.18976545842217485,0.1559780701754386,0.22568949211461287
piston,S_fp,3,18,19,469,0.11087420042643924,0.08438431254613554,0.1416638568929066
piston,S_spd,1,0,1,2110724,0.3943101987753965,0.39060535027836135,0.39784895079838817
piston,S_spd,2,0,1,2110724,0.0713470828019201,0.07007510460478826,0.07280110142361948
piston,S_spd,3,0,1,2110724,0.014232557169956849,0.01381640788420441,0.014616760636276198
piston,S_spd,1,2,3,1404098,0.4025887081955818,0.39901776571122155,0.406279953686663
piston,S_spd,2,2,3,1404098,0.07278979102598251,0.07151154689280671,0.0740120378522804
piston,S_spd,3,2,3,1404098,0.01446337791236794,0.014021672234485364,0.014896572328209796
piston,S_spd,1,4,5,859606,0.4131067023729476,0.409339082857,0.4168385504364246
piston,S_spd,2,4,5,859606,0.07570794061465369,0.07431453805372924,0.07709510909978176
piston,S_spd,3,4,5,859606,0.014718370974609297,0.01425669170863358,0.015199844970653936
piston,S_spd,1,6,7,456871,0.42519004270352023,0.42139507398262444,0.4287967587547909
piston,S_spd,2,6,7,456871,0.07993284756528649,0.07828887711162483,0.08167348006987342
piston,S_spd,3,6,7,456871,0.015334744380798956,0.014776751965573216,0.015962497054485155
piston,S_spd,1,8,9,196540,0.44778162206166683,0.4433838846328473,0.4524345052314645
piston,S_spd,2,8,9,196540,0.08954920118042128,0.08745958325917295,0.09169685914861693
piston,S_spd,3,8,9,196540,0.01722295715884807,0.01652018368818678,0.01801214841036018
piston,S_spd,1,10,11,69794,0.47971172307075105,0.4740906939165943,0.4856244283934442
piston,S_spd,2,10,11,69794,0.10321804166547267,0.1002241541417647,0.10641551072285843
piston,S_spd,3,10,11,69794,0.019987391466315157,0.018800251816674485,0.021146210690061482
piston,S_spd,1,12,13,21650,0.5066050808314088,0.4982556683046379,0.5151417010801561
piston,S_spd,2,12,13,21650,0.12240184757505773,0.11731975809256012,0.127783216918332
piston,S_spd,3,12,13,21650,0.027113163972286376,0.024871220855645998,0.029667159598742863
piston,S_spd,1,14,15,6228,0.5431920359666025,0.5296190474529962,0.5570306536445854
piston,S_spd,2,14,15,6228,0.14755940912010276,0.13761143777640558,0.15783775547689022
piston,S_spd,3,14,15,6228,0.031791907514450865,0.027262601274882364,0.036644533642089076
piston,S_spd,1,16,17,1649,0.5488174651303821,0.5213444083266849,0.5767465354922783
piston,S_spd,2,16,17,1649,0.16009702850212248,0.1412020202096621,0.1791841312796305
piston,S_spd,3,16,17,1649,0.03395997574287447,0.024994103773584908,0.04390781922525107
piston,S_spd,1,18,19,462,0.5541125541125541,0.5052412280701755,0.6013224420509348
piston,S_spd,2,18,19,462,0.1645021645021645,0.13122074636306136,0.20044065127596322
piston,S_spd,3,18,19,462,0.04112554112554113,0.02498747216035635,0.06026978140394089
piston,S_turn,1,0,1,1513001,0.3848292235100968,0.38028426469106424,0.389104692966708
piston,S_turn,2,0,1,1513001,0.06873029165215357,0.06710333962392342,0.07031153280660227
piston,S_turn,3,0,1,1513001,0.02794644550796728,0.027066899770949664,0.02885746157829816
piston,S_turn,1,2,3,990015,0.3818467396958632,0.3779890202421964,0.3863137168697619
piston,S_turn,2,2,3,990015,0.06859290010757413,0.06709496206627151,0.0703220657565054
piston,S_turn,3,2,3,990015,0.0277268526234451,0.026885655399766298,0.028681361815631055
piston,S_turn,1,4,5,591647,0.3766299837572066,0.3724802889064943,0.3806785801744783
piston,S_turn,2,4,5,591647,0.06709237095768254,0.06554665420739057,0.06866587840864162
piston,S_turn,3,4,5,591647,0.027034701435146295,0.026141063178837437,0.02793843269765015
piston,S_turn,1,6,7,304479,0.37523441682349196,0.37055366198838874,0.3795832885561068
piston,S_turn,2,6,7,304479,0.06691758709139219,0.0651896887916312,0.06864747785625358
piston,S_turn,3,6,7,304479,0.02713159199813452,0.02613153924632431,0.02812253972555337
piston,S_turn,1,8,9,128034,0.38594435852976555,0.3806402896730628,0.3913337412977751
piston,S_turn,2,8,9,128034,0.07125451052064295,0.06877101032221847,0.07373322518153301
piston,S_turn,3,8,9,128034,0.028718934033147445,0.027279010073102086,0.03024708969324814
piston,S_turn,1,10,11,44741,0.4088420017433674,0.40231208111381556,0.41594421656130215
piston,S_turn,2,10,11,44741,0.07930086497843142,0.07559746196420897,0.08282409433912058
piston,S_turn,3,10,11,44741,0.03189468272948749,0.0297723872324519,0.0340414525464581
piston,S_turn,1,12,13,13530,0.416260162601626,0.4059345053415039,0.4268458804937019
piston,S_turn,2,12,13,13530,0.08373983739837398,0.07762967573059121,0.0905581861278436
piston,S_turn,3,12,13,13530,0.037694013303769404,0.03341357779561936,0.042178982010523614
piston,S_turn,1,14,15,3696,0.44642857142857145,0.42942039252240266,0.4640905032524737
piston,S_turn,2,14,15,3696,0.08793290043290043,0.0778960438553803,0.09813816320605065
piston,S_turn,3,14,15,3696,0.037337662337662336,0.029989305802574053,0.04460307039649452
piston,S_turn,1,16,17,919,0.49075081610446136,0.4577345924793165,0.5267685713464495
piston,S_turn,2,16,17,919,0.12078346028291621,0.09596736956438524,0.14443087264394586
piston,S_turn,3,16,17,919,0.051142546245919476,0.0343301835370853,0.06791605265800554
piston,S_turn,1,18,19,235,0.5361702127659574,0.46459010119114297,0.6008407869585602
piston,S_turn,2,18,19,235,0.11914893617021277,0.07980981866430782,0.1652703467937202
piston,S_turn,3,18,19,235,0.059574468085106386,0.029784078615218177,0.09403735632183906
jet,S_fp,1,0,1,2312952,0.06736240094909017,0.06648667291109522,0.06818957828744765
jet,S_fp,2,0,1,2312952,0.00781252702174537,0.007700626730057872,0.007933277332772631
jet,S_fp,3,0,1,2312952,0.00041721574853261113,0.0003877205296820768,0.00044518882044922766
jet,S_fp,1,2,3,1739910,0.0633527021512607,0.06257728251219191,0.06415167531144164
jet,S_fp,2,2,3,1739910,0.0070354213723698355,0.006896654795457798,0.007187781940936494
jet,S_fp,3,2,3,1739910,0.0004230103855946572,0.00039074638427531033,0.00045477488436776844
jet,S_fp,1,4,5,1167990,0.06282588035856472,0.0618939185474105,0.06364873987762791
jet,S_fp,2,4,5,1167990,0.005690117209907619,0.0055462450026033065,0.00582451833415937
jet,S_fp,3,4,5,1167990,0.00044949014974443276,0.00040996635014758014,0.000489248347856525
jet,S_fp,1,6,7,735263,0.0651467570107567,0.06421109074138164,0.0661284349675938
jet,S_fp,2,6,7,735263,0.004996851466754073,0.004824135730634433,0.0051597966122231935
jet,S_fp,3,6,7,735263,0.0005168218719016189,0.000465551239645429,0.0005678187536913459
jet,S_fp,1,8,9,407454,0.06990236934721465,0.0686161417690096,0.07112476034202804
jet,S_fp,2,8,9,407454,0.004356319977224423,0.004159304267041588,0.0045622806116291294
jet,S_fp,3,8,9,407454,0.0005522095745777438,0.00048429235892629075,0.000625283095158861
jet,S_fp,1,10,11,220029,0.07612632880211245,0.07456997669035356,0.07762066451921341
jet,S_fp,2,10,11,220029,0.004381240654640979,0.004105371641270307,0.004665224137055151
jet,S_fp,3,10,11,220029,0.000672638606729113,0.0005653794991476288,0.0007866801873368599
jet,S_fp,1,12,13,113146,0.0863397733901331,0.08435038058954435,0.088388759341388
jet,S_fp,2,12,13,113146,0.004480936135612394,0.004105448985050084,0.0048949160657945755
jet,S_fp,3,12,13,113146,0.0008838138334541213,0.0007303052530456529,0.0010538236192264225
jet,S_fp,1,14,15,55624,0.10247375233712067,0.0993763650788588,0.1056442643835339
jet,S_fp,2,14,15,55624,0.004062994390910398,0.0035256771060707347,0.004603142577583533
jet,S_fp,3,14,15,55624,0.0007370919027757803,0.0005086823537130184,0.0009864838515305837
jet,S_fp,1,16,17,22510,0.12039093736117282,0.11580573803925955,0.1252068734124705
jet,S_fp,2,16,17,22510,0.005597512216792537,0.004695589565199519,0.0065141860976565226
jet,S_fp,3,16,17,22510,0.0015548645046645935,0.0010233536962842287,0.002067736056499528
jet,S_fp,1,18,19,11117,0.1399658181163983,0.13339183168328836,0.14654894841373023
jet,S_fp,2,18,19,11117,0.005846901142394531,0.004516824794082747,0.007297389203559905
jet,S_fp,3,18,19,11117,0.001709094180084555,0.0009982395198013005,0.002524626427909057
